Position,247 Comp.,247 or Prepstar,Career Summary,Cl1,Era,ESPN/ Lemming,Ht/Wt*1,Last Year1,Name1,NFL Draft (group),NFL Draft1,"On3, Scout or Superprep",Past/Present/Future,Past/Present/Future (copy),Position (group),Rivals or NRA,Offense/Defense,Pos1,UM rk,☆S
QB,"0.9982 (#1 QB), #4 OVR","99 (#1 QB), #3 OVR",Played out eligibility,2018 (Harbaugh),2015-> (Harbaugh),"89 (#1 DUAL), #15 OVR",6'2/192,2019,Shea Patterson,Not Drafted,Not Drafted,"5* (#1 QB), #5 OVR",Former players,Former players,Offense,"6.1 (#1 DUAL), #3 OVR",True,QB,1,4.94
QB,"0.9978 (#2 PRO), #5 OVR",-,Transfer: Coach,2007 (Carr),1995-'07 (Carr),"90 (#2 QB), #12 OVR",6'7/220,2007,Ryan Mallett,1st Day (Rnd 1-3),3rd,"5* (#2 QB), #5 OVR",Former players,Former players,Offense,"6.1 (#2 PRO), #4 OVR",True,QB,2,4.94
QB,"0.9924 (#3 PRO), #18 OVR",-,Played out eligibility,2004 (Carr),1995-'07 (Carr),"Lemming: #3 QB, #7 OVR",6'2/210,2007,Chad Henne,1st Day (Rnd 1-3),2nd,"5* (#4 QB), #27 OVR",Former players,Former players,Offense,"6.1 (#3 PRO), #13 OVR",True,QB,3,4.86
QB,-,"Prepstar: #3 QB, #1 MW",Professional Baseball,1998 (Carr),1995-'07 (Carr),"Lemming: #1 PRO, #3 OVR",6'4/220,2000,Drew Henson,2nd Day (Rnd 4-7),6th,"Superprep: #3 QB, #10 OVR",Former players,Former players,Offense,"6.0 (#3 DUAL), #24 OVR",True,QB,4,4.82
QB,"0.9866 (#5 QB), #25 OVR","97 (#6 QB), #38 OVR",On Team,2021 (Harbaugh),2015-> (Harbaugh),"88 (#2 DUAL), #25 OVR",6'3/180,On Team,J.J. McCarthy,Still in College,2025,-,Current players,Current players,Offense,"6.0 (#5 PRO), #45 OVR",True,QB,5,4.73
QB,"0.9656 (#2 DUAL), #70 OVR","96 (#1 DUAL), #44 OVR",Played out eligibility,2010 (Rodriguez),2008-'10 (Rodriguez),"82 (#5 DUAL), #128 OVR",6'4/195,2014,Devin Gardner,UDFA,UDFA,"5* (#5 QB), #43 OVR",Former players,Former players,Offense,"6.1 (#1 DUAL), #3 OVR",True,QB,6,4.68
QB,-,"Athlon's: #32 OVR, #9 Big Ten",Degree and a Handshake,1996 (Carr),1995-'07 (Carr),"Lemming: #2 PRO, #4 MW",6'6/220,1999,Jason Kapsner,Not Drafted,Not Drafted,"Superprep: #7 QB, #6 MW (AA)",Former players,Former players,Offense,All-Am (#2 PRO),True,QB,7,4.63
QB,"0.9674 (#3 PRO), #72 OVR","95 (#4 PRO), #81 OVR",Degree and a Transfer,2013 (Hoke),2011-'14 (Hoke),"84 (#8 QB), #127 OVR",6'3/201,2016,Shane Morris,Not Drafted,Not Drafted,"5* (#3 QB), #40 OVR",Former players,Former players,Offense,"6.0 (#4 PRO), #81 OVR",True,QB,8,4.62
QB,"0.9668 (#6 PRO), #63 OVR","96 (#4 PRO), #34 OVR",Degree and a Transfer,2016 (Harbaugh),2015-> (Harbaugh),"85 (#3 PRO), #60 OVR",6'5/209,2018,Brandon Peters,Still in College,2022,"4* (#4 QB), #77 OVR",Former players,Former players,Offense,"5.9 (#6 PRO), #158 OVR",True,QB,9,4.62
QB,"0.9637 (#5 PRO), #90 OVR",-,Transfer: playing time,2002 (Carr),1995-'07 (Carr),Lemming: #26 OVR,6'4/210,2005,Matt Gutierrez,UDFA,UDFA,4* (#12 QB),Former players,Former players,Offense,"5.9 (#5 PRO), #96 OVR",True,QB,10,4.57
QB,"0.9359 (#7 PRO), #104 OVR",-,Professional Baseball,2003 (Carr),1995-'07 (Carr),"Lemming: #5 PRO, #22 OVR",6'4/225,2003,Clayton Richard,Not Drafted,MLB,4* (#13 QB),Former players,Former players,Offense,"5.9 (#4 PRO), #71 OVR",True,QB,11,4.51
QB,"0.9416 (#5 PRO), #123 OVR","92 (#6 PRO), #204 OVR",Transfer: Personal,2017 (Harbaugh),2015-> (Harbaugh),"83 (#6 PRO), #117 OVR",6'5/196,2019,Dylan McCaffrey,Still in College,2023,"4* (#9 QB), #134 OVR",Former players,Former players,Offense,"5.9 (#7 DUAL), #131 OVR",True,QB,12,4.35
QB,"0.944 (#4 DUAL), #120 OVR",-,Behavioral: dismissed,2009 (Rodriguez),2008-'10 (Rodriguez),"83 (#14 QB), #144 OVR",6'1/184,2010,Tate Forcier,Not Drafted,Not Drafted,"4* (#15 QB), #137 OVR",Former players,Former players,Offense,"5.9 (#5 DUAL), #164 OVR",True,QB,13,4.35
QB,-,-,Transfer: Coach,1992 (Moeller),1990-'94 (Moeller),Lemming: #6 PRO,6'4/205,1992,Eric Boykin,Not Drafted,Not Drafted,Superprep: #12 QB,Former players,Former players,Offense,-,True,QB,14,4.34
QB,"0.9427 (#9 ATH), #121 OVR",-,Played out eligibility,2009 (Rodriguez),2008-'10 (Rodriguez),"83 (#7 ATH), #101 OVR",6'0/179,2012,Denard Robinson,2nd Day (Rnd 4-7),5th,"4* (#16 CB), #159 OVR",Former players,Former players,Offense,"5.8 (#14 ATH), #188 OVR",True,QB,15,4.32
QB,-,-,Played out eligibility,1990 (Moeller),1990-'94 (Moeller),Lemming: #8 PRO,6'4/210,1994,Todd Collins,1st Day (Rnd 1-3),2nd,-,Former players,Former players,Offense,-,True,QB,16,4.24
QB,-,"BlueChip Illustrated: #16 QB, All American",Degree and a Handshake,1993 (Moeller),1990-'94 (Moeller),"Lemming: #4 PRO, #12 MW",6'4/210,1996,Scot Loeffler,Not Drafted,Not Drafted,"Superprep:, All-American",Former players,Former players,Offense,-,True,QB,17,4.2
QB,"0.9052 (#7 PRO), #268 OVR","90 (#8 PRO), #375 OVR",On Team,2019 (Harbaugh),2015-> (Harbaugh),"81 (#12 PRO), #253 OVR",6'1/187,On Team,Cade McNamara,Still in College,2025,-,Current players,Current players,Offense,"5.8 (#8 PRO), #1 NV",True,QB,18,4.12
QB,"0.9202 (#9 PRO), #204 OVR","88 (#14 PRO), #402 OVR",Degree and a Transfer,2018 (Harbaugh),2015-> (Harbaugh),"84 (#7 DUAL), #119 OVR",6'5/230,2020,Joe Milton,Still in College,2024,"3* (#11 PRO), #268 OVR",Former players,Former players,Offense,"5.8 (#11 DUAL), #200 OVR",True,QB,19,4.1
QB,"0.8984 (#13 PRO), #295 OVR","88 (#15 PRO), not ranked",Degree and a Transfer,2015 (Harbaugh),2015-> (Harbaugh),"80 (#16 PRO), #23 MW",6'2/200,2017,Alex Malzone,Not Drafted,Not Drafted,"4* (#14 QB), #185 OVR",Former players,Former players,Offense,"5.8 (#11 PRO), #3 MI",True,QB,20,4.08
QB,-,-,Professional Baseball,1990 (Moeller),1990-'94 (Moeller),Lemming: #17 OLB,6'5/240,1992,Nate Holdren,Not Drafted,MLB,-,Former players,Former players,Offense,-,True,QB,21,4.07
QB,-,-,Played out eligibility,1999 (Carr),1995-'07 (Carr),"Lemming:
 #5 PRO",6'6/220,2003,John Navarre,2nd Day (Rnd 4-7),7th,-,Former players,Former players,Offense,2* (#33 QB),True,QB,22,4.04
QB,-,-,Played out eligibility,2001 (Carr),1995-'07 (Carr),"Lemming:, All-West",6'5/220,2004,Spencer Brinton,Not Drafted,Not Drafted,Superprep: #38 Far West,Former players,Former players,Offense,5.8 (#10 PRO),True,QB,23,4.03
QB,-,-,Played out eligibility,1993 (Moeller),1990-'94 (Moeller),"Lemming:#15 PRO, #79 SE",6'3/215,1997,Brian Griese,1st Day (Rnd 1-3),3rd,Superprep: #36 FL,Former players,Former players,Offense,-,True,QB,24,3.99
QB,"0.8556 (#9 DUAL), #328 OVR",-,Transfer: playing time,2005 (Carr),1995-'07 (Carr),-,6'2/205,2006,Jason Forcier,Not Drafted,Not Drafted,4* (#8 QB),Former players,Former players,Offense,"5.6 (#15 DUAL), #48 CA",True,QB,25,3.9
QB,"0.8791 (#12 QB), #311 OVR",-,Transfer: playing time,2007 (Carr),1995-'07 (Carr),"73 (#64 QB), #NR MW",6'6/225,2008,Steven Threet,Not Drafted,Not Drafted,4* (#13 QB),Former players,Former players,Offense,"5.8 (#9 PRO), #170 OVR",True,QB,26,3.88
QB,"0.8830 (#30 QB), #454 OVR","89 (#19 QB), #37 CA",On Team,2022 (Harbaugh),2015-> (Harbaugh),"79 (#21 PRO), #71 West",6'4/215,0,Jayden Denegal,Still in High School,2026,"3* , 88, #NR Ovr
 #28 QB, #32 CA",Class of 2022,Commits,Offense,"5.7 (#24 PRO), #39 CA",True,QB,27,3.86
QB,"0.8854 (#28 QB), #424 OVR","86 (#47 QB), #113 TX",On Team,2022 (Harbaugh),2015-> (Harbaugh),"81 (#17 ATH), #244 OVR",6'2/226,0,Alex Orji,Still in High School,2026,"3* , 89, #NR Ovr
 #15 ATH, #70 TX",Class of 2022,Commits,Offense,"5.7 (#9 DUAL), #56 TX",True,QB,28,3.85
QB,-,"BCI: #6 QB West, All American",Played out eligibility,1995 (Carr),1995-'07 (Carr),"Lemming:
 #6 PRO, #26 West (AA)",6'5/210,1999,Tom Brady,2nd Day (Rnd 4-7),6th,Superprep: #65 Far West,Former players,Former players,Offense,5.7 (#10 PRO),True,QB,29,3.84
QB,"0.8728 (#22 PRO), #451 OVR","88 (#23 PRO), not ranked",Degree and a Transfer,2014 (Hoke),2011-'14 (Hoke),"82 (#13 PRO), #257 OVR",6'6/220,2017,Wilton Speight,UDFA,UDFA,3* (#30 QB),Former players,Former players,Offense,"5.7 (#17 PRO), #16 VA",True,QB,30,3.84
QB,-,BCI: 2nd tm AA,Played out eligibility,1994 (Moeller),1990-'94 (Moeller),"Lemming: #12 PRO, #28 MW",6'4/200,1998,Scott Dreisbach,Not Drafted,Not Drafted,"Superprep: #16 QB, #26 MW",Former players,Former players,Offense,5.6 (#NR QB),True,QB,31,3.82
QB,"0.8778 (#24 ATH), #429 OVR",-,Behavioral: dismissed,2008 (Rodriguez),2008-'10 (Rodriguez),"NR (#NR ATH), #NR SE",6'0/190,2008,Justin Feagin,Not Drafted,Not Drafted,2* (#93 S),Former players,Former players,Offense,"5.7 (#41 ATH), #71 FL",True,QB,32,3.7
QB,"0.856 (#25 QB), #653 OVR","86 (#22 QB), #687 OVR",Played out eligibility,2015 (Harbaugh),2015-> (Harbaugh),"78 (#24 QB), #187 SE",6'3/180,2015,Jake Rudock,2nd Day (Rnd 4-7),6th,3* (#29 QB),Former players,Former players,Offense,5.6 (#29 PRO),True,QB,33,3.69
QB,"0.8594 (#31 PRO), #633 OVR","88 (#24 PRO), not ranked",Played out eligibility,2015 (Harbaugh),2015-> (Harbaugh),"77 (#38 QB), #343 SE",6'4/210,2017,John O'Korn,Not Drafted,Not Drafted,3* (#38 QB),Former players,Former players,Offense,"5.7 (#31 PRO), #94 FL",True,QB,34,3.65
QB,-,-,Transfer: playing time,1991 (Moeller),1990-'94 (Moeller),Lemming: #27 PRO,6'3/215,1991,Craig Randall,Not Drafted,Not Drafted,-,Former players,Former players,Offense,-,True,QB,35,3.6
QB,"0.8568 (#37 PRO), #899 OVR","84 (#41 PRO), #146 TX",On Team,2021 (Harbaugh),2015-> (Harbaugh),"78 (#36 PRO), #117 Midlands",6'4/208,On Team,Alan Bowman,Still in College,2024,not rated,Current players,Current players,Offense,"5.6 (#29 QB), #97 TX",True,QB,36,3.59
QB,"0.85 (#29 PRO), #743 OVR",-,Degree and a Handshake,2011 (Hoke),2011-'14 (Hoke),"78 (#35 QB), #108 Midlands",6'3/185,2014,Russell Bellomy,Not Drafted,Not Drafted,3* (#39 QB),Former players,Former players,Offense,5.5 (#NR DUAL),True,QB,37,3.58
QB,"0.8354 (#30 PRO), #726 OVR",-,Degree and a Handshake,2006 (Carr),1995-'07 (Carr),"72 (#85 QB), #308 SE",6'7/201,2009,David Cone,Not Drafted,Not Drafted,3* (#23 QB),Former players,Former players,Offense,5.5 (#33 PRO),True,QB,38,3.54
QB,-,"85 (#40 PRO), #1241 OVR",Transfer: playing time,2020 (Harbaugh),2015-> (Harbaugh),"75 (#45 PRO), #147 East",6'4/215,2021,Dan Villari,Still in High School,2026,-,Former players,Former players,Offense,5.5 (#NR DUAL),True,QB,39,3.32
QB,"0.8144 (#101 ATH), not ranked",-,Behaviorial: DNQ,2010 (Rodriguez),2008-'10 (Rodriguez),"77 (#93 ATH), #NR SE",6'2/197,2010,Conelius Jones,Not Drafted,Not Drafted,3* (#60 QB),Former players,Former players,Offense,"5.6 (#NR ATH), #23 SC",True,QB,40,3.08
RB,-,-,Played out eligibility,1990 (Moeller),1990-'94 (Moeller),"Lemming:#1 RB, #1 OVR",6'0/205,1993,Ricky Powers,UDFA,UDFA,-,Former players,Former players,Offense,-,True,RB,1,4.97
RB,-,"Prepstar: #1 RB, #1 West",Transfer: Personal,1998 (Carr),1995-'07 (Carr),"Lemming: #1 RB, #10 OVR",6'1/185,2000,Justin Fargas,1st Day (Rnd 1-3),3rd,"Superprep: #1 RB, #9 OVR",Former players,Former players,Offense,"6.1 (#1 RB), #9 OVR",True,RB,2,4.95
RB,"0.9944 (#3 RB), #12 OVR","NRA: #3 RB, #24 OVR",Behavioral: dismissed,2001 (Carr),1995-'07 (Carr),"Lemming: #3 RB, #16 OVR",6'0/190,2001,Kelly Baraka,Not Drafted,Not Drafted,"Superprep: #3 RB, #19 OVR",Former players,Former players,Offense,"5* (#3 RB), #24 OVR",True,RB,3,4.87
RB,"0.9914 (#4 RB), #21 OVR",-,Played out eligibility,2005 (Carr),1995-'07 (Carr),"Lemming: #3 RB, #7 OVR",5'9/225,2009,Kevin Grady,Not Drafted,Not Drafted,"5* (#5 RB), #23 OVR",Former players,Former players,Offense,"6.1 (#4 RB), #22 OVR",True,RB,4,4.86
RB,"0.9867 (#5 RB), #27 OVR","95 (#8 RB), #84 OVR",Degree and a Transfer,2013 (Hoke),2011-'14 (Hoke),"87 (#5 RB), #38 OVR",6'0/220,2015,Derrick Green,Not Drafted,Not Drafted,"5* (#1 RB), #6 OVR",Former players,Former players,Offense,"6.1 (#1 RB), #8 OVR",True,RB,5,4.81
RB,"0.9806 (#4 RB), #42 OVR","98 (#2 RB), #33 OVR",On Team,2021 (Harbaugh),2015-> (Harbaugh),"86 (#4 RB), #68 OVR",6'0/190,On Team,Donovan Edwards,Still in College,2025,-,Current players,Current players,Offense,"6.0 (#3 RB), #59 OVR",True,RB,6,4.76
RB,-,-,Played out eligibility,1991 (Moeller),1990-'94 (Moeller),"Lemming:#6 RB, #26 OVR",6'1/215,1994,Tyrone Wheatley,1st Day (Rnd 1-3),1st,-,Former players,Former players,Offense,-,True,RB,7,4.75
RB,"0.976 (#4 RB), #46 OVR","97 (#4 RB), #38 OVR",Transfer: playing time,2019 (Harbaugh),2015-> (Harbaugh),"84 (#5 RB), #101 OVR",6'1/215,2020,Zach Charbonnet,Still in College,2024,-,Former players,Former players,Offense,"6.0 (#4 RB), #60 OVR",True,RB,8,4.68
RB,"0.9786 (#1 RB), #39 OVR","94 (#2 RB), #118 OVR",Transfer: playing time,2016 (Harbaugh),2015-> (Harbaugh),"85 (#3 RB), #45 OVR",6'1/210,2017,Kareem Walker,Still in College,2022,"5* (#3 RB), #28 OVR",Former players,Former players,Offense,"5.8 (#6 RB), #181 OVR",True,RB,9,4.64
RB,"0.9732 (#8 APB), #54 OVR","95 (#5 APB), #85 OVR",Played out eligibility,2014 (Hoke),2011-'14 (Hoke),"84 (#13 ATH), #122 OVR",6'3/215,2017,Ty Isaac,Not Drafted,Not Drafted,"5* (#7 RB), #37 OVR",Former players,Former players,Offense,"6.1 (#4 RB), #27 OVR",True,RB,10,4.61
RB,-,-,Degree/Gave up football,1990 (Moeller),1990-'94 (Moeller),McCabe's: #2 Michigan,5'9/200,1993,Jesse Johnson,Not Drafted,Not Drafted,-,Former players,Former players,Offense,-,True,RB,11,4.58
RB,-,-,Played out eligibility,1997 (Carr),1995-'07 (Carr),"Lemming: #2 RB, #13 OVR, #4 SE",6'2/220,2000,Anthony Thomas,1st Day (Rnd 1-3),2nd,Superprep: #12 LA,Former players,Former players,Offense,6.1 (#2 RB),True,RB,12,4.56
RB,"0.9827 (#10 RB), #34 OVR","Lemming: #14 RB, # - OVR",Played out eligibility,2006 (Carr),1995-'07 (Carr),"85 (#10 RB), #59 OVR",6'0/205,2009,Carlos Brown,Not Drafted,Not Drafted,4* (#24 RB),Former players,Former players,Offense,"6.0 (#5 RB), #39 OVR",True,RB,13,4.56
RB,-,-,Transfer: playing time,1997 (Carr),1995-'07 (Carr),"Lemming: #7 CB, #55 OVR, #7 West",5'10/185,1998,Patrick McCall,Not Drafted,Not Drafted,"Superprep: #8 RB, #9 West",Former players,Former players,Offense,5.9 (#n/a RB),True,RB,14,4.52
RB,-,"BlueChip Illustrated: #2 RB, #9 OVR",Played out eligibility,1994 (Moeller),1990-'94 (Moeller),"Lemming:#10 RB, #16 Southwest, All American",5'11/210,1997,Chris Howard,2nd Day (Rnd 4-7),5th,"Superprep: #13 RB, #7 LA (AA)",Former players,Former players,Offense,5.9 (#7 RB),True,RB,15,4.48
RB,-,"BCI: #2 RB Midwest, All American",Played out eligibility,1995 (Carr),1995-'07 (Carr),"Lemming: #34 RB, #10 MW",5'9/178,1998,Clarence Williams,UDFA,UDFA,"Superprep: #4 RB, #2 MW (AA)",Former players,Former players,Offense,5.8 (#8 RB),True,RB,16,4.43
RB,"0.9458 (#12 RB), #119 OVR","90 (#20 RB), #244 OVR",On Team,2020 (Harbaugh),2015-> (Harbaugh),"84 (#13 RB), #120 OVR",5'8/180,On Team,Blake Corum,Still in College,2025,-,Current players,Current players,Offense,"6.0 (#8 RB), #67 OVR",True,RB,17,4.37
RB,"0.9406 (#6 APB), #115 OVR","93 (#6 APB), #149 OVR",Degree and a Transfer,2011 (Hoke),2011-'14 (Hoke),"79 (#22 RB), #21 MW",5'10/180,2014,Justice Hayes,Not Drafted,Not Drafted,"4* (#14 RB), #131 OVR",Former players,Former players,Offense,"5.9 (#3 APB), #85 OVR",True,RB,18,4.3
RB,"0.9687 (#18 RB), #97 OVR",-,Played out eligibility,2001 (Carr),1995-'07 (Carr),"Lemming: #2 FB, #69 OVR",6'0/220,2004,David Underwood,Not Drafted,Not Drafted,"Superprep: #26 RB, #26 TX",Former players,Former players,Offense,4* (#18 RB),True,RB,19,4.29
RB,National Bluechips:#14 RB,-,Played out eligibility,2000 (Carr),1995-'07 (Carr),Lemming: #29 Mid-Atl,6'1/215,2003,Chris Perry,1st Day (Rnd 1-3),1st,"Superprep: #16 RB, #16 NC",Former players,Former players,Offense,4* (#13 RB),True,RB,20,4.2
RB,"0.9188 (#17 RB), #184 OVR",-,Transfer: Personal,2008 (Rodriguez),2008-'10 (Rodriguez),"79 (#30 RB), #NR Midlands",5'11/188,2008,Sam McGuffie,Not Drafted,Not Drafted,"4* (#7 RB), #63 OVR",Former players,Former players,Offense,"5.8 (#10 APB), #38 TX",True,RB,21,4.18
RB,"0.9 (#13 RB), #180 OVR",-,Transfer: playing time,2004 (Carr),1995-'07 (Carr),"Lemming: #14 RB, #73 OVR",6'1/210,2005,Max Martin,Not Drafted,Not Drafted,4* (#14 RB),Former players,Former players,Offense,5.8 (#15 RB),True,RB,22,4.17
RB,-,-,Behaviorial: DNQ,2000 (Carr),1995-'07 (Carr),Lemming: #43,6'0/202,2000,Reggie Benton,Not Drafted,Not Drafted,"Superprep: #2 RB, #47 OVR",Former players,Former players,Offense,3* (#35 RB),True,RB,23,4.11
RB,"0.8778 (#6 APB), #277 OVR",-,Played out eligibility,2004 (Carr),1995-'07 (Carr),Lemming: #6 CB,5'9/175,2007,Mike Hart,2nd Day (Rnd 4-7),6th,3* (#18 RB),Former players,Former players,Offense,"5.7 (#6 APB), #2 NY",True,RB,24,4.11
RB,"0.9156 (#19 RB), #196 OVR",-,Played out eligibility,2008 (Rodriguez),2008-'10 (Rodriguez),"78 (#59 RB), #NR MW",6'1/185,2011,Michael Shaw,Not Drafted,Not Drafted,"4* (#29 RB), #219 OVR",Former players,Former players,Offense,"5.9 (#7 RB), #102 OVR",True,RB,25,4.1
RB,"0.9151 (#21 RB), #207 OVR","91 (#15 RB), #217 OVR",Played out eligibility,2013 (Hoke),2011-'14 (Hoke),"81 (#27 RB), #39 MW",5'11/216,2016,De'Veon Smith,UDFA,UDFA,"4* (#11 RB), #62 OVR",Former players,Former players,Offense,"5.7 (#37 RB), #26 OH",True,RB,26,4.08
RB,"0.8875 (#4 RB), #244 OVR","Lemming: #11 RB, # - OVR",Played out eligibility,2006 (Carr),1995-'07 (Carr),"78 (#34 RB), #NR East",6'1/213,2009,Brandon Minor,Not Drafted,Not Drafted,4* (#29 RB),Former players,Former players,Offense,"5.8 (#1 FB), #109 OVR",True,RB,27,4
RB,"0.8985 (#21 RB), #277 OVR","89 (#22 RB), #363 OVR",Behavioral: dismissed,2017 (Harbaugh),2015-> (Harbaugh),"81 (#22 RB), #240 OVR",5'10/190,2018,O'Maury Samuels,Still in College,2022,4* (#21 RB),Former players,Former players,Offense,5.8 (#21 RB),True,RB,28,3.99
RB,"0.9 (#12 RB), #133 OVR",-,Played out eligibility,2003 (Carr),1995-'07 (Carr),Lemming: #24 RB,5'11/195,2006,Jerome Jackson,Not Drafted,Not Drafted,4* (#20 RB),Former players,Former players,Offense,"5.8 (#15 RB), #7 MI",True,RB,29,3.97
RB,-,"BCI: #7 WR (Midwest?), All American",Transfer: playing time,1995 (Carr),1995-'07 (Carr),"Lemming: #17 CB, #28 MW",5'8/180,1997,J.R. Ford,Not Drafted,Not Drafted,Superprep: #42 MW,Former players,Former players,Offense,-,True,RB,30,3.93
RB,-,-,Transfer: playing time,1990 (Moeller),1990-'94 (Moeller),Lemming: #21 RB,6'0/185,1990,Juan Kemp,Not Drafted,Not Drafted,-,Former players,Former players,Offense,-,True,RB,31,3.93
RB,-,BCI: 2nd tm AA,Transfer: playing time,1993 (Moeller),1990-'94 (Moeller),"Lemming: #26 RB, #81 MW",6'1/190,1993,Dana Overton,Not Drafted,Not Drafted,"Superprep: #19 RB, #14 MW (AA)",Former players,Former players,Offense,-,True,RB,32,3.92
RB,"0.8913 (#8 APB), #327 OVR","90 (#5 APB), #298 OVR",(Played out eligibility-COVID),2016 (Harbaugh),2015-> (Harbaugh),"76 (#69 RB), #82 MW",5'11/186,2020,Chris Evans,2nd Day (Rnd 4-7),6th,"4* (#12 RB), #190 OVR",Former players,Former players,Offense,"5.7 (#32 ATH), #6 IN",True,RB,33,3.9
RB,"0.8928 (#1 SF), #304 OVR",-,Played out eligibility,2009 (Rodriguez),2008-'10 (Rodriguez),"79 (#28 RB), #NR MW",5'10/185,2013,Fitzgerald Toussaint,UDFA but NFL player,UDFA+,3* (#49 RB),Former players,Former players,Offense,"5.8 (#8 APB), #239 OVR",True,RB,34,3.9
RB,-,Prepstar: #1 RB ACC Region,Played out eligibility,1998 (Carr),1995-'07 (Carr),Lemming: #7 FB,5'11/200,2001,Walter Cross,Not Drafted,Not Drafted,"Superprep: #11 RB, #3 MidAtl",Former players,Former players,Offense,-,True,RB,35,3.88
RB,"0.8860 (#26 RB), #408 OVR","91 (#15 RB), #237 OVR",On Team,2021 (Harbaugh),2015-> (Harbaugh),"78 (#36 RB), #117 Midlands",6'0/195,On Team,Tavierre Dunlap,Still in High School,2026,-,Current players,Current players,Offense,"5.7 (#29 RB), #78 TX",True,RB,36,3.85
RB,"0.8778 (#24 RB), #301 OVR",-,Transfer: playing time,2005 (Carr),1995-'07 (Carr),-,6'0/195,2006,Mister Simpson,Not Drafted,Not Drafted,3* (#53 RB),Former players,Former players,Offense,"5.7 (#20 RB), #16 OH",True,RB,37,3.8
RB,"0.8822 (#36 RB), #379 OVR",-,Degree and a Transfer,2008 (Rodriguez),2008-'10 (Rodriguez),"77 (#71 RB), #NR East",6'0/203,2011,Mike Cox,2nd Day (Rnd 4-7),7th,"4* (#35 RB), #263 OVR",Former players,Former players,Offense,5.7 (#NR RB),True,RB,38,3.76
RB,"0.8784 (#22 RB), #509 OVR","87 (#34 RB), #638 OVR",Transfer: playing time,2018 (Harbaugh),2015-> (Harbaugh),"80 (#21 RB), #168 SE",5'11/187,2020,Christian Turner,Still in College,2024,"3* (#41 RB), #819 OVR",Former players,Former players,Offense,"5.7 (#18 RB), #47 GA",True,RB,39,3.74
RB,-,-,Behavioral: dismissed,1999 (Carr),1995-'07 (Carr),Lemming: #10 WB,5'9/204,2000,Ryan Beard,Not Drafted,Not Drafted,-,Former players,Former players,Offense,3* (#40 RB),True,RB,40,3.72
RB,-,-,Played out eligibility,1991 (Moeller),1990-'94 (Moeller),Lemming: #34 RB,5'9/190,1995,Ed Davis,Not Drafted,Not Drafted,-,Former players,Former players,Offense,-,True,RB,41,3.71
RB,"0.8764 (#46 RB), #469 OVR",-,Degree/Medical,2009 (Rodriguez),2008-'10 (Rodriguez),"78 (#48 RB), #NR MW",5'9/186,2010,Teric Jones,Not Drafted,Not Drafted,3* (#44 RB),Former players,Former players,Offense,"5.7 (#37 RB), #12 MI",True,RB,42,3.7
RB,"0.8733 (#49 RB), #508 OVR",-,Played out eligibility,2009 (Rodriguez),2008-'10 (Rodriguez),"77 (#60 RB), #239 SE",5'6/159,2012,Vincent Smith,Not Drafted,Not Drafted,3* (#102 RB),Former players,Former players,Offense,"5.7 (#36 RB), #62 FL",True,RB,43,3.66
RB,"0.8647 (#61 RB), #740 OVR","87 (#51 RB), #9 SC",arriving in fall,2022 (Harbaugh),2015-> (Harbaugh),"77 (#61 RB), #357 SE",5'11/190,0,CJ Stokes,Still in High School,2026,"3* , 87, #NR Ovr
 #48 RB, #11 SC",Class of 2022,Commits,Offense,"5.6 (#41 RB), #8 SC",True,RB,44,3.66
RB,"0.8653 (#5 APB), #435 OVR",-,Transfer: playing time,2007 (Carr),1995-'07 (Carr),"78 (#33 RB), #NR West",5'10/195,2008,Avery Horn,Not Drafted,Not Drafted,3* (#77 RB),Former players,Former players,Offense,"5.6 (#13 APB), #67 CA",True,RB,45,3.64
RB,"0.8715 (#40 RB), #478 OVR","90 (#29 RB), not ranked",Played out eligibility,2015 (Harbaugh),2015-> (Harbaugh),"78 (#70 RB), #334 SE",5'10/190,2018,Karan Higdon,UDFA,UDFA,3* (#84 RB),Former players,Former players,Offense,"5.7 (#45 RB), #77 FL",True,RB,46,3.64
RB,"0.8539 (#50 RB), #979 OVR","85 (#67 RB), #1044 OVR",Early NFL,2018 (Harbaugh),2015-> (Harbaugh),"75 (#55 RB), #199 Midlands",6'1/202,2021,Hassan Haskins,Still in College,2022,-,Former players,Former players,Offense,"5.6 (#41 RB), #12 MO",True,RB,47,3.5
RB,"0.8333 (#28 RB), #392 OVR",-,Transfer: playing time,2002 (Carr),1995-'07 (Carr),-,6'0/200,2004,Pierre Rembert,Not Drafted,Not Drafted,2* (#114 RB),Former players,Former players,Offense,5.8 (#17 RB),True,RB,48,3.49
RB,"0.8543 (#1 FB), #734 OVR","85 (#2 FB), #891 OVR",Transfer: playing time,2016 (Harbaugh),2015-> (Harbaugh),"75 (#77 RB), #417 SE",6'1/225,2016,Kingston Davis,Not Drafted,Not Drafted,3* (#95 RB),Former players,Former players,Offense,"5.7 (#2 FB), #16 AL",True,RB,49,3.48
RB,"0.84 (#66 RB), #908 OVR",-,Transfer: playing time,2011 (Hoke),2011-'14 (Hoke),"75 (#84 RB), #144 MW",5'10/215,2013,Thomas Rawls,UDFA but NFL player,UDFA+,3* (#77 RB),Former players,Former players,Offense,"5.6 (#NR RB), #19 MI",True,RB,50,3.47
RB,"0.8472 (#58 RB), #893 OVR","85 (#55 RB), #853 OVR",Transfer: playing time,2017 (Harbaugh),2015-> (Harbaugh),"77 (#56 RB), #384 SE",5'8/200,2018,Kurt Taylor,Still in College,2023,3* (#64 RB),Former players,Former players,Offense,5.4 (#NR RB),True,RB,51,3.39
RB,"0.8462 (#14 APB), #904 OVR",-,Behavioral: dismissed,2010 (Rodriguez),2008-'10 (Rodriguez),"77 (#77 RB), #NR MW",6'0/186,2010,Austin White,Not Drafted,Not Drafted,"4* (#15 RB), #155 OVR",Former players,Former players,Offense,"5.7 (#10 APB), #11 MI",True,RB,52,3.36
RB,"0.8441 (#51 RB), #938 OVR","85 (#48 RB), not ranked",Degree/Medical,2012 (Hoke),2011-'14 (Hoke),"68 (#160 RB), #297 MW",6'1/205,2016,Drake Johnson,Not Drafted,Not Drafted,3* (#77 RB),Former players,Former players,Offense,"5.6 (#NR RB), #21 MI",True,RB,53,3.35
RB,"0.8173 (#141 RB), #2156 OVR","81 (#150 RB), #2200 OVR",Transfer: playing time,2020 (Harbaugh),2015-> (Harbaugh),"71 (#158 RB), #263 East",5'10/205,2020,Gaige Garcia,Still in College,2025,-,Former players,Former players,Offense,5.4 (#NR RB),True,RB,54,2.94
RB,"0.7879 (#188 S), not ranked","72 (#224 S), #3017 OVR",Degree and a Transfer,2016 (Harbaugh),2015-> (Harbaugh),walk-on,5'10/190,2019,Tru Wilson,Still in College,2022,-,Former players,Former players,Offense,walk-on,True,RB,55,2.81
RB,-,Superprep: #36 in La.,Played out eligibility,2000 (Carr),1995-'07 (Carr),-,5'9/185,2004,Tim Bracken,Not Drafted,Not Drafted,Superprep: #36 LA,Former players,Former players,Offense,1* (#NR RB),True,RB,56,2.7
FB,-,BlueChip Illustrated: Dream Team,Transfer: Personal,1993 (Moeller),1990-'94 (Moeller),"Lemming: #7 OLB, #2 Mid-Atl",6'4/248,1993,J.J. Brown,Not Drafted,Not Drafted,Superprep: #2 ILB,Former players,Former players,Offense,-,True,FB,1,4.56
FB,-,-,Degree and a Handshake,1998 (Carr),1995-'07 (Carr),"Lemming: #3 DE, #54 OVR",6'3/255,2001,Dave Armstrong,Not Drafted,Not Drafted,"Superprep: #16 LB, #4 PA",Former players,Former players,Offense,"5.9 (#3 NT), #88 OVR",True,FB,2,4.56
FB,-,"BlueChip Illustrated: #3 RB, #16 OVR",Played out eligibility,1994 (Moeller),1990-'94 (Moeller),"Lemming: #6 RB, #4 MW",6'1/225,1997,Chris Floyd,1st Day (Rnd 1-3),3rd,"Superprep: #7 RB, #3 MW (AA)",Former players,Former players,Offense,6.0 (#4 FB),True,FB,3,4.54
FB,-,-,Behavioral: dismissed,1997 (Carr),1995-'07 (Carr),"Lemming: #2 FB, #48 OVR, #9 MW",6'2/265,1998,Demetrius Smith,Not Drafted,Not Drafted,"Superprep: #17 DL, #5 MW",Former players,Former players,Offense,5.9 (#1 NT),True,FB,4,4.53
FB,"0.9442 (#7 TE), #79 OVR",-,Degree and a Handshake,2003 (Carr),1995-'07 (Carr),"Lemming: #4 DT, #79 OVR",6'3/254,2006,Will Paul,Not Drafted,Not Drafted,"5* (#2 TE), #30 OVR",Former players,Former players,Offense,"5.8 (#7 TE), #2 MO",True,FB,5,4.47
FB,"0.9419 (#11 DT), #121 OVR","94 (#11 DT), #120 OVR",Played out eligibility,2013 (Hoke),2011-'14 (Hoke),"82 (#22 DT), #255 OVR",6'4/270,2017,Henry Poggi,Not Drafted,Not Drafted,"4* (#15 DT), #143 OVR",Former players,Former players,Offense,"6.0 (#5 DT), #70 OVR",True,FB,6,4.39
FB,-,-,Degree/Medical,1990 (Moeller),1990-'94 (Moeller),Lemming: #13 DE,6'4/240,1992,Greg McThomas,Not Drafted,Not Drafted,-,Former players,Former players,Offense,-,True,FB,7,4.36
FB,-,"BlueChip Illustrated: #9 RB, All American",Transfer: Personal,1993 (Moeller),1990-'94 (Moeller),Lemming: #2 FB,6'2/245,1994,Jon Ritchie,1st Day (Rnd 1-3),3rd,Superprep: #9 RB (AA),Former players,Former players,Offense,"Emfinger:
 #1 FB",True,FB,8,4.35
FB,-,-,Early NFL,1991 (Moeller),1990-'94 (Moeller),"Lemming:#21 RB, #91 OVR",6'2/240,1994,Che' Foster,Not Drafted,Not Drafted,-,Former players,Former players,Offense,-,True,FB,9,4.26
FB,-,BCI: 2nd tm AA,Transfer: playing time,1993 (Moeller),1990-'94 (Moeller),"Lemming:#6 ILB, #8 Southwest, All American",6'2/220,1995,George Howell,Not Drafted,Not Drafted,"Superprep: #27 ILB, #25 TX (AA)",Former players,Former players,Offense,-,True,FB,10,4.13
FB,"0.8953 (#2 FB), #299 OVR","90 (#1 FB), not ranked",Degree and a Handshake,2013 (Hoke),2011-'14 (Hoke),"79 (#1 FB), #62 MW",6'3/245,2016,Wyatt Shallman,Not Drafted,Not Drafted,"4* (#2 FB), #293 OVR",Former players,Former players,Offense,"5.8 (#18 ATH), #6 MI",True,FB,11,3.9
FB,-,-,Transfer: playing time,2006 (Carr),1995-'07 (Carr),"77 (#18 OLB), #38 MW",6'1/193,2007,Quintin Patilla,Not Drafted,Not Drafted,3* (#58 LB),Former players,Former players,Offense,"5.7 (#26 OLB), #6 MI",True,FB,12,3.87
FB,-,BCI: #5 RB Midwest,Transfer: Personal,1996 (Carr),1995-'07 (Carr),"Lemming: #5 FB, #6 MW",6'2/240,1997,John Anes,Not Drafted,Not Drafted,"Superprep: #6 FB, #18 MW (AA)",Former players,Former players,Offense,All-Am (#7 FB),True,FB,13,3.81
FB,-,-,Behavioral: dismissed,1997 (Carr),1995-'07 (Carr),-,6'2/210,1998,Ray Jackson,UDFA,UDFA,Superprep: #49 MW,Former players,Former players,Offense,-,True,FB,14,3.79
FB,"0.8575 (#29 TE), #666 OVR","86 (#31 TE), not ranked",Played out eligibility,2013 (Hoke),2011-'14 (Hoke),"79 (#8 TE-H), #59 MW",6'2/235,2017,Khalid Hill,UDFA,UDFA,3* (#18 TE),Former players,Former players,Offense,"5.6 (#32 TE), #21 MI",True,FB,15,3.66
FB,-,-,Played out eligibility,2002 (Carr),1995-'07 (Carr),-,6'0/235,2006,Obi Oluigbo,Not Drafted,Not Drafted,not rated,Former players,Former players,Offense,5.6 (#25 ILB),True,FB,16,3.64
FB,"0.8508 (#63 S), #779 OVR","89 (#34 S), not ranked",Played out eligibility,2014 (Hoke),2011-'14 (Hoke),"77 (#71 OLB), #88 MW",6'2/226,2018,Jared Wangler,Not Drafted,Not Drafted,3* (#53 OLB),Former players,Former players,Offense,"5.6 (#NR OLB), #16 MI",True,FB,17,3.63
FB,-,-,Played out eligibility,1992 (Moeller),1990-'94 (Moeller),Lemming: #29 ILB,6'3/215,1996,Mike Vanderbeek,Not Drafted,Not Drafted,-,Former players,Former players,Offense,-,True,FB,18,3.62
FB,"0.851 (#32 ILB), #806 OVR","85 (#36 ILB), #903 OVR",(Played out eligibility-COVID),2017 (Harbaugh),2015-> (Harbaugh),"80 (#30 OLB), #51 East",6'3/247,2020,Ben Mason,2nd Day (Rnd 4-7),5th,3* (#65 DE),Former players,Former players,Offense,5.6 (#35 ILB),True,FB,19,3.6
FB,"0.851 (#89 RB), not ranked",-,Degree/Gave up football,2010 (Rodriguez),2008-'10 (Rodriguez),"77 (#50 RB), #NR Midlands",6'0/235,2012,Stephen Hopkins,Not Drafted,Not Drafted,3* (#52 RB),Former players,Former players,Offense,5.5 (#NR RB),True,FB,20,3.52
FB,"0.8556 (#9 FB), #417 OVR",-,Degree/Medical,2004 (Carr),1995-'07 (Carr),Lemming: #24 FB,6'1/230,2004,Roger Allison,Not Drafted,Not Drafted,4* (#17 LB),Former players,Former players,Offense,"5.6 (#9 FB), #8 MI",True,FB,21,3.52
FB,-,BlueChip Illustrated: #Honorable Mention-All Midwest,Degree/Medical,1996 (Carr),1995-'07 (Carr),-,6'0/240,1996,Jason Foster,Not Drafted,Not Drafted,-,Former players,Former players,Offense,-,True,FB,22,3.5
FB,"0.8588 (#6 FB), #705 OVR","83 (#6 FB), not ranked",Played out eligibility,2012 (Hoke),2011-'14 (Hoke),"72 (#4 FB), #220 West",6'0/215,2015,Sione Houma,Not Drafted,Not Drafted,3* (#5 FB),Former players,Former players,Offense,5.5 (#5 FB),True,FB,23,3.5
FB,-,-,Played out eligibility,1999 (Carr),1995-'07 (Carr),All-American,6'3/210,2002,B.J. Askew,1st Day (Rnd 1-3),3rd,-,Former players,Former players,Offense,3* (#66 DE),True,FB,24,3.44
FB,-,-,Gave up football,2001 (Carr),1995-'07 (Carr),Lemming: #22 FB,6'3/250,2002,Sean Sanderson,Not Drafted,Not Drafted,"Superprep: #3 FB, #7 TN",Former players,Former players,Offense,2* (#NR FB),True,FB,25,3.12
FB,-,-,Played out eligibility,2000 (Carr),1995-'07 (Carr),Lemming: #24 FB,6'1/220,2004,Kevin Dudley,UDFA,UDFA,Superprep: #46 MW,Former players,Former players,Offense,2* (#NR FB),True,FB,26,3.07
FB,-,walk-on,Played out eligibility,2011 (Hoke),2011-'14 (Hoke),walk-on,6'0/230,2015,Joe Kerridge,UDFA but NFL player,UDFA+,walk-on,Former players,Former players,Offense,walk-on,True,FB,27,2.67
WR,-,-,Played out eligibility,1992 (Moeller),1990-'94 (Moeller),Lemming: #1 WR,6'3/180,1995,Amani Toomer,1st Day (Rnd 1-3),2nd,-,Former players,Former players,Offense,-,True,WR,1,4.95
WR,"0.9922 (#1 WR), #12 OVR","98 (#2 WR), #29 OVR",Early NFL,2017 (Harbaugh),2015-> (Harbaugh),"88 (#4 WR), #22 OVR",6'2/193,2019,Donovan Peoples-Jones,2nd Day (Rnd 4-7),6th,"5* (#1 WR), #22 OVR",Former players,Former players,Offense,"6.1 (#1 WR), #12 OVR",True,WR,2,4.9
WR,-,"Prepstar: #3 WR, #1 WR ACC Region",Early NFL,1998 (Carr),1995-'07 (Carr),"Lemming: #1 WR, #7 OVR",6'3/197,2000,David Terrell,1st Day (Rnd 1-3),1st,"Superprep: #4 WR, #23 OVR",Former players,Former players,Offense,6.1 (#2 WR),True,WR,3,4.89
WR,-,"Prepstar: #2 WR, #1 East",Played out eligibility,1998 (Carr),1995-'07 (Carr),"Lemming: #2 WR, #13 OVR",6'3/195,2001,Marquise Walker,1st Day (Rnd 1-3),3rd,"Superprep: #1 WR, #3 OVR",Former players,Former players,Offense,6.1 (#3 WR),True,WR,4,4.88
WR,-,-,Played out eligibility,1992 (Moeller),1990-'94 (Moeller),Lemming: #4 WR,5'11/180,1995,Mercury Hayes,2nd Day (Rnd 4-7),5th,-,Former players,Former players,Offense,-,True,WR,5,4.85
WR,"0.9785 (#6 WR), #52 OVR",-,Early NFL,2005 (Carr),1995-'07 (Carr),-,6'0/180,2007,Mario Manningham,1st Day (Rnd 1-3),3rd,"4* (#7 WR), #64 OVR",Former players,Former players,Offense,"6.0 (#5 WR), #45 OVR",True,WR,6,4.75
WR,-,-,Transfer: playing time,1994 (Moeller),1990-'94 (Moeller),Lemming:#13 WR,5'8/169,1996,Tyrone Butterfield,Not Drafted,Not Drafted,-,Former players,Former players,Offense,6.1 (#2 RB),True,WR,7,4.72
WR,"0.9772 (#9 WR), #48 OVR",-,Behavioral: dismissed,2008 (Rodriguez),2008-'10 (Rodriguez),"85 (#14 WR), #71 OVR",6'2/180,2011,Darryl Stonum,Not Drafted,Not Drafted,"4* (#12 WR), #73 OVR",Former players,Former players,Offense,"6.0 (#7 WR), #41 OVR",True,WR,8,4.7
WR,"0.9767 (#8 WR), #58 OVR",-,Degree/Medical,2005 (Carr),1995-'07 (Carr),"Lemming: #11 DB, #67 OVR",6'0/195,2007,Antonio Bass,Not Drafted,Not Drafted,"4* (#9 WR), #69 OVR",Former players,Former players,Offense,"6.0 (#5 ATH), #49 OVR",True,WR,9,4.68
WR,-,"BlueChip Illustrated: #4 WR, All American",Transfer: Personal,1993 (Moeller),1990-'94 (Moeller),"Lemming: #4 WR, #10 MW",5'11/165,1994,Seth Smith,Not Drafted,Not Drafted,"Superprep: #2 WR, #4 MW (AA)",Former players,Former players,Offense,-,True,WR,10,4.67
WR,-,-,Degree/Gave up football,1991 (Moeller),1990-'94 (Moeller),Lemming: #2 WB,6'0/170,1993,Felman Malveaux,UDFA,UDFA,-,Former players,Former players,Offense,-,True,WR,11,4.66
WR,"0.9663 (#7 WR), #67 OVR","96 (#12 WR), #88 OVR",Degree and a Transfer,2014 (Hoke),2011-'14 (Hoke),"84 (#10 WR), #85 OVR",6'4/180,2017,Drake Harris,Not Drafted,Not Drafted,"4* (#8 WR), #52 OVR",Former players,Former players,Offense,"5.9 (#15 WR), #115 OVR",True,WR,12,4.6
WR,"0.9648 (#12 WR), #76 OVR","93 (#13 WR), #98 OVR",Transfer: Personal,2021 (Harbaugh),2015-> (Harbaugh),"84 (#22 WR), #124 OVR",6'1/160,2021,Xavier Worthy,Still in College,2025,-,Former players,Former players,Offense,"5.9 (#11 WR), #65 OVR",True,WR,13,4.54
WR,"0.9311 (#13 WR), #118 OVR",-,Played out eligibility,2002 (Carr),1995-'07 (Carr),"Lemming: #5 WR, #49 OVR",6'1/200,2005,Jason Avant,2nd Day (Rnd 4-7),4th,"4* (#10 WR), #76 OVR",Former players,Former players,Offense,5.8 (#13 WR),True,WR,14,4.51
WR,"0.9564 (#11 WR), #94 OVR",-,Transfer: playing time,2009 (Rodriguez),2008-'10 (Rodriguez),"85 (#8 WR), #67 OVR",6'0/178,2011,Je'Ron Stokes,Not Drafted,Not Drafted,"4* (#17 WR), #169 OVR",Former players,Former players,Offense,"5.9 (#14 WR), #104 OVR",True,WR,15,4.51
WR,-,"BlueChip Illustrated: #6 DB, #2 DB Midwest",Played out eligibility,1995 (Carr),1995-'07 (Carr),"Lemming: #5 S, #20 MW",6'3/190,1999,DiAllo Johnson,Not Drafted,Not Drafted,"Superprep: #6 ATH, #8 MW (AA)",Former players,Former players,Offense,"Emfinger:
 Top 105",True,WR,16,4.51
WR,-,"BCI: #3 WR Midwest, All American",Played out eligibility,1995 (Carr),1995-'07 (Carr),"Lemming: #4 WR, #15 MW",6'4/185,1998,Tai Streets,2nd Day (Rnd 4-7),6th,"Superprep: #5 WR, #7 MW (AA)",Former players,Former players,Offense,"5.9 (#5 WR), #105 OVR",True,WR,17,4.51
WR,-,BlueChip Illustrated: #19 WR,Played out eligibility,1994 (Moeller),1990-'94 (Moeller),"Lemming: #12 WR, #16 MW",6'0/180,1998,Todd Brooks,Not Drafted,Not Drafted,"Superprep: #16 WR, #10 MW (AA)",Former players,Former players,Offense,-,True,WR,18,4.49
SL,"0.958 (#17 WR), #92 OVR","93 (#27 WR), #141 OVR",On Team,2020 (Harbaugh),2015-> (Harbaugh),"84 (#16 WR), #112 OVR",5'10/183,On Team,AJ Henning,Still in College,2025,-,Current players,Current players,Offense,"5.9 (#14 WR), #86 OVR",True,SL,19,4.49
WR,"0.9369 (#18 WR), #115 OVR",-,Early NFL,2004 (Carr),1995-'07 (Carr),"Lemming: #5 WR, #43 OVR",6'3/180,2007,Adrian Arrington,2nd Day (Rnd 4-7),7th,"4* (#11 WR), #66 OVR",Former players,Former players,Offense,"5.8 (#17 WR), #1 IA",True,WR,20,4.48
WR,"0.9451 (#19 WR), #131 OVR","93 (#30 WR), #172 OVR",On Team,2022 (Harbaugh),2015-> (Harbaugh),"82 (#23 WR), #181 OVR",6'3/205,0,Darrius Clemons,Still in High School,2026,"4* , 96, #47 Ovr
 #5 WR, #1 OR",Class of 2022,Commits,Offense,"5.9 (#18 WR), #91 OVR",True,WR,21,4.48
SL,-,-,Played out eligibility,1999 (Carr),1995-'07 (Carr),-,5'11/180,2003,Brent Cummings,Not Drafted,Not Drafted,Superprep: #6 RB (AA),Former players,Former players,Offense,3* (#23 WR),True,SL,22,4.45
WR,-,BCI: #3 WR Southwest,Transfer: playing time,1996 (Carr),1995-'07 (Carr),"Lemming: #8 WR, #14 SW (AA)",6'0/175,1997,Aaron Wright,Not Drafted,Not Drafted,"Superprep: #8 WR, #10 TX (AA)",Former players,Former players,Offense,-,True,WR,23,4.39
WR,"0.9446 (#20 WR), #113 OVR","94 (#21 WR), #131 OVR",Transfer: playing time,2016 (Harbaugh),2015-> (Harbaugh),"82 (#22 WR), #179 OVR",6'2/186,2017,Kekoa Crawford,Still in College,2022,"4* (#24 WR), #134 OVR",Former players,Former players,Offense,"5.9 (#26 WR), #129 OVR",True,WR,24,4.38
WR,"0.9417 (#17 WR), #122 OVR","92 (#28 WR), #194 OVR",Degree and a Transfer,2017 (Harbaugh),2015-> (Harbaugh),"81 (#33 WR), #225 OVR",6'3/208,2019,Tarik Black,Still in College,2023,"4* (#16 WR), #90 OVR",Former players,Former players,Offense,"5.9 (#11 WR), #76 OVR",True,WR,25,4.37
WR,"0.9373 (#16 WR), #119 OVR",-,Transfer: Coach,2007 (Carr),1995-'07 (Carr),"78 (#43 WR), #NR East",6'3/205,2008,Toney Clemons,UDFA,UDFA,"4* (#10 WR), #68 OVR",Former players,Former players,Offense,"5.9 (#12 WR), #91 OVR",True,WR,26,4.34
WR,"0.9528 (#16 WR), #115 OVR","94 (#14 WR), #92 OVR",On Team,2022 (Harbaugh),2015-> (Harbaugh),"83 (#18 WR), #135 OVR",6'0/175,0,Tyler Morris,Still in High School,2026,"4* , 90, #NR Ovr
 #50 WR, #10 IL",Class of 2022,Commits,Offense,"5.9 (#21 WR), #152 OVR",True,WR,27,4.33
WR,"0.9353 (#23 WR), #136 OVR","92 (#29 WR), #200 OVR",COVID,2017 (Harbaugh),2015-> (Harbaugh),"82 (#21 WR), #150 OVR",6'4/195,2019,Nico Collins,1st Day (Rnd 1-3),3rd,"4* (#24 WR), #178 OVR",Former players,Former players,Offense,"5.9 (#17 WR), #120 OVR",True,WR,28,4.31
WR,"0.9374 (#9 ATH), #132 OVR","93 (#11 ATH), #169 OVR",Behavioral: dismissed,2016 (Harbaugh),2015-> (Harbaugh),"82 (#33 WR), #216 OVR",6'3/206,2016,Ahmir Mitchell,Not Drafted,Not Drafted,"4* (#23 WR), #131 OVR",Former players,Former players,Offense,"5.9 (#30 WR), #139 OVR",True,WR,29,4.31
WR,"0.919 (#23 WR), #174 OVR","Lemming: #10 WR, # - OVR",Played out eligibility,2006 (Carr),1995-'07 (Carr),"78 (#33 WR), #100 SE",6'3/190,2009,Greg Mathews,Not Drafted,Not Drafted,3* (#39 WR),Former players,Former players,Offense,"5.9 (#8 WR), #93 OVR",True,WR,30,4.28
WR,-,-,Played out eligibility,1999 (Carr),1995-'07 (Carr),Lemming: #17 WR,6'0/175,2002,Ronald Bellamy,UDFA,UDFA,-,Former players,Former players,Offense,3* (#23 WR),True,WR,31,4.27
WR,-,-,Played out eligibility,1999 (Carr),1995-'07 (Carr),Lemming: #11 WR,6'3/205,2003,Tyrece Butler,Not Drafted,Not Drafted,"Superprep: #22 WR, #29 MW",Former players,Former players,Offense,3* (#39 WR),True,WR,32,4.24
WR,"0.9294 (#26 WR), #175 OVR","93 (#24 WR), #160 OVR",On Team,2019 (Harbaugh),2015-> (Harbaugh),"81 (#33 WR), #239 OVR",6'3/195,On Team,Cornelius Johnson,Still in College,2024,-,Current players,Current players,Offense,"5.8 (#27 WR), #171 OVR",True,WR,33,4.23
WR,-,-,Played out eligibility,1996 (Carr),1995-'07 (Carr),-,6'1/170,1999,Marcus Knight,UDFA,UDFA,"Superprep: #11 ATH, #20 SE (AA)",Former players,Former players,Offense,-,True,WR,34,4.23
WR,"0.9251 (#28 WR), #169 OVR","97 (#7 WR), #47 OVR",Transfer: playing time,2017 (Harbaugh),2015-> (Harbaugh),"80 (#60 WR), #35 MW",6'1/188,2018,Oliver Martin,Still in College,2023,"4* (#30 WR), #216 OVR",Former players,Former players,Offense,"5.8 (#35 WR), #206 OVR",True,WR,35,4.22
WR,"0.9239 (#21 WR), #154 OVR",-,Played out eligibility,2007 (Carr),1995-'07 (Carr),"84 (#4 WR), #19 OVR",6'1/205,2011,Junior Hemingway,2nd Day (Rnd 4-7),7th,4* (#26 WR),Former players,Former players,Offense,"5.7 (#38 WR), #12 SC",True,WR,36,4.2
SL,-,-,Degree/Gave up football,1990 (Moeller),1990-'94 (Moeller),Lemming: #30 WR,5'10/190,1990,Allen Woodard,Not Drafted,Not Drafted,-,Former players,Former players,Offense,-,True,SL,37,4.17
SL,"0.9 (#15 ATH), #190 OVR",-,Played out eligibility,2002 (Carr),1995-'07 (Carr),Lemming: #24 East,6'1/170,2006,Steve Breaston,2nd Day (Rnd 4-7),5th,4* (#30 QB),Former players,Former players,Offense,6.0 (#8 ATH),True,SL,38,4.16
SL,-,BlueChip Illustrated: #15 WR,Transfer: playing time,1994 (Moeller),1990-'94 (Moeller),"Lemming: #30 WR, #46 MW",5'10/178,1995,Anthony Williams,Not Drafted,Not Drafted,Superprep: #31 MW,Former players,Former players,Offense,-,True,SL,39,4.16
WR,"0.9 (#19 WR), #215 OVR",-,Played out eligibility,2002 (Carr),1995-'07 (Carr),Lemming: #22 WR,6'2/180,2006,Carl Tabb,Not Drafted,Not Drafted,4* (#28 WR),Former players,Former players,Offense,"5.7 (#30 WR), #3 MI",True,WR,40,4.12
WR,"0.915 (#28 WR), #221 OVR","93 (#26 WR), #199 OVR",Played out eligibility,2012 (Hoke),2011-'14 (Hoke),"78 (#82 WR), #67 MW",6'2/205,2016,Amara Darboh,1st Day (Rnd 1-3),3rd,"4* (#32 WR), #205 OVR",Former players,Former players,Offense,"5.8 (#30 WR), #215 OVR",True,WR,41,4.11
SL,"0.9079 (#32 WR), #226 OVR",-,Degree and a Handshake,2008 (Rodriguez),2008-'10 (Rodriguez),"81 (#18 ATH), #180 OVR",5'9/170,2011,Terrence Robinson,Not Drafted,Not Drafted,"4* (#16 RB), #160 OVR",Former players,Former players,Offense,"5.8 (#9 APB), #34 TX",True,SL,42,4.1
WR,"0.9141 (#37 WR), #226 OVR","87 (#105 WR), #713 OVR",On Team,2021 (Harbaugh),2015-> (Harbaugh),"84 (#25 WR), #140 OVR",6'2/187,On Team,Cristian Dixon,Still in High School,2026,-,Current players,Current players,Offense,"5.8 (#33 WR), #202 OVR",True,WR,43,4.08
WR,"0.9069 (#10 TE), #260 OVR","90 (#10 TE), not ranked",Early NFL,2012 (Hoke),2011-'14 (Hoke),"81 (#5 TE), #203 OVR",6'5/215,2014,Devin Funchess,1st Day (Rnd 1-3),2nd,"4* (#8 TE), #221 OVR",Former players,Former players,Offense,"5.7 (#14 TE), #9 MI",True,WR,44,4.07
SL,"0.9004 (#41 WR), #303 OVR","92 (#30 WR), #233 OVR",Transfer: playing time,2019 (Harbaugh),2015-> (Harbaugh),"80 (#26 ATH), #56 West",5'9/183,2020,Giles Jackson,Still in College,2024,-,Former players,Former players,Offense,"5.8 (#37 WR), #233 OVR",True,SL,45,4.03
WR,-,Athlon's: #43 Big Ten,Degree/Medical,1996 (Carr),1995-'07 (Carr),"Lemming:
 #20 WR, #39 SE (AA)",6'3/215,1997,Jerry Dioron-Johnson,Not Drafted,Not Drafted,Superprep: #12 LA,Former players,Former players,Offense,-,True,WR,46,4.03
SL,"0.9203 (#7 APB), #194 OVR","94 (#7 APB), #169 OVR",Transfer: Coach,2012 (Hoke),2011-'14 (Hoke),"75 (#80 RB), #160 MW",5'7/175,2014,Dennis Norfleet,Not Drafted,Not Drafted,"4* (#19 RB), #163 OVR",Former players,Former players,Offense,"5.8 (#5 APB), #236 OVR",True,SL,47,4.01
SL,-,BCI: 2nd tm AA,Professional Baseball,1993 (Moeller),1990-'94 (Moeller),-,5'11/180,1993,Andre King,2nd Day (Rnd 4-7),7th,Superprep: #47 FL,Former players,Former players,Offense,-,True,SL,48,4.01
SL,"0.9043 (#12 ATH), #244 OVR",-,Played out eligibility,2009 (Rodriguez),2008-'10 (Rodriguez),"77 (#80 ATH), #310 SE",5'8/165,2013,Jeremy Gallon,2nd Day (Rnd 4-7),7th,3* (#45 WR),Former players,Former players,Offense,"5.9 (#11 ATH), #151 OVR",True,SL,49,4
SL,-,-,Played out eligibility,1990 (Moeller),1990-'94 (Moeller),Lemming: #41 WR,5'11/190,1994,Walter Smith,Not Drafted,Not Drafted,-,Former players,Former players,Offense,-,True,SL,50,3.99
WR,"0.8778 (#29 WR), #243 OVR",-,Played out eligibility,2005 (Carr),1995-'07 (Carr),-,6'3/195,2009,LaTerryal Savoy,Not Drafted,Not Drafted,4* (#35 WR),Former players,Former players,Offense,"5.7 (#30 WR), #10 LA",True,WR,51,3.96
WR,-,"BCI: #5 WR Midwest, All American",Played out eligibility,1995 (Carr),1995-'07 (Carr),"Lemming: #22 CB, #42 MW",6'0/175,1999,Kevin Bryant,Not Drafted,Not Drafted,Superprep: #38 MW,Former players,Former players,Offense,-,True,WR,52,3.96
SL,"0.8900 (#45 WR), #340 OVR","88 (#44 WR), #7 MI",commit,2023,2015-> (Harbaugh),no rating,5'10/175,-1,Semaj Morgan,2027,2027,no ratings,Class of 2023,Commits,Offense,"5.8 (#39 WR), #5 MI",True,SL,53,3.95
WR,"0.8908 (#61 WR), #359 OVR","91 (#38 WR), #232 OVR",On Team,2020 (Harbaugh),2015-> (Harbaugh),"80 (#54 WR), #49 West",6'0/175,On Team,Roman Wilson,Still in College,2025,-,Current players,Current players,Offense,"5.7 (#80 WR), #4 HI",True,WR,54,3.9
WR,"0.8887 (#43 WR), #337 OVR","87 (#84 WR), not ranked",Degree and a Handshake,2013 (Hoke),2011-'14 (Hoke),"83 (#33 WR), #233 OVR",6'4/197,2015,Jaron Dukes,Not Drafted,Not Drafted,3* (#46 WR),Former players,Former players,Offense,"5.7 (#60 WR), #40 OH",True,WR,55,3.87
WR,"0.8764 (#43 WR), #351 OVR",-,Behavioral: dismissed,2007 (Carr),1995-'07 (Carr),"78 (#34 WR), #NR West",6'1/177,2008,Zion Babb,Not Drafted,Not Drafted,4* (#55 WR),Former players,Former players,Offense,"5.7 (#42 WR), #48 CA",True,WR,56,3.86
SL,"0.8785 (#67 WR), #407 OVR","88 (#66 WR), #403 OVR",Transfer: playing time,2016 (Harbaugh),2015-> (Harbaugh),"82 (#23 WR), #184 OVR",6'0/170,2017,Eddie McDoom,Still in College,2022,3* (#74 WR),Former players,Former players,Offense,"5.7 (#75 WR), #66 FL",True,SL,57,3.86
WR,-,-,Played out eligibility,2000 (Carr),1995-'07 (Carr),Lemming: #15 DUAL,6'2/190,2004,Jermaine Gonzales,Not Drafted,Not Drafted,"Superprep: #16 QB, #14 MW",Former players,Former players,Offense,3* (#51 QB),True,WR,58,3.85
WR,"0.8928 (#41 WR), #298 OVR","89 (#58 WR), not ranked",Degree and a Transfer,2014 (Hoke),2011-'14 (Hoke),"74 (#168 WR), #161 East",6'3/175,2015,Freddy Canteen,Not Drafted,Not Drafted,"4* (#31 WR), #172 OVR",Former players,Former players,Offense,"5.8 (#45 WR), #10 MD",True,WR,59,3.85
WR,-,-,Behaviorial: DNQ,2000 (Carr),1995-'07 (Carr),Lemming: #50,6'3/180,2000,James Taylor,Not Drafted,Not Drafted,Superprep: #35 MW,Former players,Former players,Offense,2* (#73 WR),True,WR,60,3.82
WR,"0.8863 (#51 WR), #374 OVR",-,Transfer: playing time,2010 (Rodriguez),2008-'10 (Rodriguez),"77 (#99 WR), #NR MW",6'1/175,2012,Jerald Robinson,Not Drafted,Not Drafted,"4* (#40 WR), #259 OVR",Former players,Former players,Offense,"5.7 (#48 WR), #21 OH",True,WR,61,3.82
SL,"0.8843 (#52 WR), #368 OVR",-,Played out eligibility,2008 (Rodriguez),2008-'10 (Rodriguez),"78 (#56 WR), #162 SE",5'8/164,2011,Martavious Odoms,Not Drafted,Not Drafted,"4* (#49 WR), #293 OVR",Former players,Former players,Offense,"5.7 (#71 WR), #77 FL",True,SL,62,3.81
WR,"0.8687 (#68 WR), #497 OVR","87 (#91 WR), not ranked",Degree and a Transfer,2014 (Hoke),2011-'14 (Hoke),"80 (#59 WR), #39 MW",6'3/195,2017,Maurice Ways,Not Drafted,Not Drafted,3* (#58 WR),Former players,Former players,Offense,"5.7 (#58 WR), #6 MI",True,WR,63,3.8
WR,-,-,Played out eligibility,2001 (Carr),1995-'07 (Carr),Lemming: #49 WR,6'3/201,2004,Braylon Edwards,1st Day (Rnd 1-3),1st,Superprep: #57 MW,Former players,Former players,Offense,3* (#49 WR),True,WR,64,3.79
SL,"0.8743 (#59 CB), #595 OVR","88 (#52 CB), #513 OVR",On Team,2019 (Harbaugh),2015-> (Harbaugh),"80 (#25 ATH), #36 East",5'10/165,On Team,Mike Sainristil,Still in College,2024,-,Current players,Current players,Offense,"5.6 (#56 ATH), #2 MA",True,SL,65,3.78
SL,"0.8813 (#55 WR), #384 OVR",-,Played out eligibility,2008 (Rodriguez),2008-'10 (Rodriguez),"75 (#104 WR), #NR MW",6'0/154,2012,Roy Roundtree,Not Drafted,Not Drafted,3* (#89 WR),Former players,Former players,Offense,"5.8 (#44 WR), #17 OH",True,SL,66,3.77
WR,"0.8784 (#34 ATH), #526 OVR","87 (#52 ATH), #30 LA",On Team,2022 (Harbaugh),2015-> (Harbaugh),"80 (#45 WR), #127 SE",6'4/175,0,Amorion Walker,Still in High School,2026,"3* , 88, #NR Ovr
 #71 WR, #20 LA",Class of 2022,Commits,Offense,"5.7 (#40 ATH), #27 LA",True,WR,67,3.75
WR,"0.8634 (#74 WR), #562 OVR","88 (#66 WR), not ranked",Behavioral: dismissed,2013 (Hoke),2011-'14 (Hoke),"76 (#121 WR), #112 MW",6'3/190,2013,Csont'e York,Not Drafted,Not Drafted,3* (#56 WR),Former players,Former players,Offense,"5.7 (#75 WR), #10 MI",True,WR,68,3.7
WR,"0.8755 (#81 WR), #527 OVR","88 (#69 WR), #462 OVR",On Team,2021 (Harbaugh),2015-> (Harbaugh),"77 (#115 WR), #86 MW",6'2/175,On Team,Andrel Anthony,Still in College,2025,-,Current players,Current players,Offense,"5.7 (#76 WR), #16 MI",True,WR,69,3.69
WR,"0.865 (#74 WR), #639 OVR","89 (#56 WR), not ranked",Played out eligibility,2012 (Hoke),2011-'14 (Hoke),"79 (#58 WR), #91 Midlands",6'3/185,2016,Jehu Chesson,2nd Day (Rnd 4-7),4th,3* (#82 WR),Former players,Former players,Offense,"5.6 (#91 WR), #11 MO",True,WR,70,3.67
SL,"0.8573 (#102 WR), #672 OVR","92 (#40 WR), #243 OVR",Behavioral: dismissed,2016 (Harbaugh),2015-> (Harbaugh),"72 (#180 WR), #613 SE",5'11/175,2017,Nate Johnson,Still in College,2022,3* (#74 WR),Former players,Former players,Offense,"5.7 (#79 WR), #19 TN",True,SL,71,3.65
SL,"0.8503 (#109 WR), #864 OVR","85 (#133 WR), not ranked",Played out eligibility,2015 (Harbaugh),2015-> (Harbaugh),"76 (#128 WR), #78 MW",6'0/185,2018,Grant Perry,Not Drafted,Not Drafted,3* (#59 WR),Former players,Former players,Offense,"5.6 (#80 WR), #12 MI",True,SL,72,3.63
WR,"0.8573 (#115 WR), #866 OVR",-,Played out eligibility,2010 (Rodriguez),2008-'10 (Rodriguez),"79 (#39 WR), #NR MW",6'3/194,2013,Jeremy Jackson,Not Drafted,Not Drafted,3* (#79 WR),Former players,Former players,Offense,"5.5 (#NR WR), #22 MI",True,WR,73,3.62
WR,"0.851 (#57 WR), #772 OVR","84 (#155 WR), not ranked",Degree and a Transfer,2013 (Hoke),2011-'14 (Hoke),"78 (#80 WR), #77 MW",6'2/195,2015,Da'Mario Jones,Not Drafted,Not Drafted,3* (#55 WR),Former players,Former players,Offense,"5.6 (#NR WR), #17 MI",True,WR,74,3.62
SL,-,-,Played out eligibility,2000 (Carr),1995-'07 (Carr),"Lemming: #65 WR, #82",6'1/185,2003,Calvin Bell,Not Drafted,Not Drafted,Superprep: #70 Far West,Former players,Former players,Offense,2* (#65 WR),True,SL,75,3.58
WR,"0.8564 (#116 WR), #958 OVR","87 (#102 WR), #760 OVR",Degree/Medical,2019 (Harbaugh),2015-> (Harbaugh),"73 (#177 WR), #169 MW",6'0/170,2019,Quintel Kent,Still in College,2025,-,Former players,Former players,Offense,"5.6 (#87 WR), #28 OH",True,WR,76,3.52
WR,"0.8542 (#129 WR), #978 OVR",-,Gave up football,2010 (Rodriguez),2008-'10 (Rodriguez),"78 (#54 WR), #NR MW",6'1/172,2010,D.J. Williamson,Not Drafted,Not Drafted,2* (#168 WR),Former players,Former players,Offense,5.5 (#NR WR),True,WR,77,3.51
SL,"0.8559 (#56 ATH), #887 OVR",-,Played out eligibility,2010 (Rodriguez),2008-'10 (Rodriguez),"73 (#137 ATH), #NR SE",5'10/175,2013,Drew Dileo,Not Drafted,Not Drafted,3* (#101 WR),Former players,Former players,Offense,"5.6 (#73 ATH), #24 LA",True,SL,78,3.49
WR,"0.8349 (#213 WR), #1482 OVR","85 (#168 WR), #1146 OVR",On Team,2018 (Harbaugh),2015-> (Harbaugh),"73 (#210 WR), #251 Midlands",6'0/170,On Team,Ronnie Bell,Still in College,2024,-,Current players,Current players,Offense,5.4 (#NR WR),True,WR,79,3.21
WR,-,BlueChip Illustrated: Top 100 JUCO,Played out eligibility,1996 (Carr),1995-'07 (Carr),"Lemming: #1 JUCO WR, #5 JuCo",6'0/180,1997,Russell Shaw,Not Drafted,Not Drafted,-,Former players,Former players,Offense,-,True,WR,80,3
SL,walk-on,"74 (#449 WR), #122 OH",Degree and a Handshake,2017 (Harbaugh),2015-> (Harbaugh),walk-on,6'0/180,2020,Jake McCurry,Still in College,2023,not rated,Former players,Former players,Offense,not rated,True,SL,81,2.48
WR,-,walk-on,Degree and a Handshake,2012 (Hoke),2011-'14 (Hoke),walk-on,6'2/185,2014,Bo Dever,Not Drafted,Not Drafted,walk-on,Former players,Former players,Offense,walk-on,True,WR,82,2.2
TE,-,-,Transfer: playing time,1990 (Moeller),1990-'94 (Moeller),Lemming: #2 TE,6'3/250,1991,Gordon Laro,UDFA,UDFA,-,Former players,Former players,Offense,-,True,TE,1,4.66
TE,"0.9819 (#8 WR), #49 OVR",-,Played out eligibility,2001 (Carr),1995-'07 (Carr),Lemming: #23 WR,6'4/215,2005,Tim Massaquoi,2nd Day (Rnd 4-7),7th,"Superprep: #3 ATH, #6 PA",Former players,Former players,Offense,"5* (#5 WR), #36 OVR",True,TE,2,4.59
TE,"0.9628 (#3 TE), #74 OVR","92 (#8 TE), #218 OVR",Transfer: Personal,2016 (Harbaugh),2015-> (Harbaugh),"85 (#3 TE-Y), #44 OVR",6'5/270,2016,Devin Asiasi,1st Day (Rnd 1-3),3rd,"4* (#4 TE), #67 OVR",Former players,Former players,Offense,"6.0 (#2 TE), #46 OVR",True,TE,3,4.53
TE,-,BlueChip Illustrated: #5 TE,Played out eligibility,1994 (Moeller),1990-'94 (Moeller),"Lemming: #5 DE, #6 Midlands",6'5/227,1998,Jerame Tuman,2nd Day (Rnd 4-7),5th,Superprep: #8 Midlands (AA),Former players,Former players,Offense,6.0 (#4 TE),True,TE,4,4.45
TE,"0.9318 (#6 TE), #168 OVR","91 (#7 TE), #227 OVR",Transfer: playing time,2018 (Harbaugh),2015-> (Harbaugh),"86 (#2 TE-Y), #42 OVR",6'4/235,2019,Mustapha Muhammad,Still in College,2024,-,Former players,Former players,Offense,"5.8 (#17 TE), #30 TX",True,TE,5,4.29
TE,"0.9222 (#6 SDE), #133 OVR",-,Played out eligibility,2004 (Carr),1995-'07 (Carr),-,6'5/225,2008,Michael Massey,Not Drafted,Not Drafted,3* (#46 DE),Former players,Former players,Offense,"5.9 (#5 SDE), #5 OH",True,TE,6,4.26
TE,"0.9258 (#11 TE), #172 OVR","89 (#14 TE), not ranked",Played out eligibility,2013 (Hoke),2011-'14 (Hoke),"83 (#4 TE-Y), #179 OVR",6'6/230,2016,Jake Butt,2nd Day (Rnd 4-7),5th,"4* (#5 TE), #145 OVR",Former players,Former players,Offense,"5.9 (#5 TE), #144 OVR",True,TE,7,4.22
TE,-,Prepstar: #1 ATH MW,Played out eligibility,1998 (Carr),1995-'07 (Carr),Lemming: #6 TE,6'4/251,2002,Bennie Joppru,1st Day (Rnd 1-3),2nd,"Superprep: #7 LG-ATH, #33 MW",Former players,Former players,Offense,5.8 (#9 DT),True,TE,8,4.18
TE,"0.9228 (#8 PRO), #175 OVR","88 (#16 PRO), not ranked",Early NFL,2015 (Harbaugh),2015-> (Harbaugh),"83 (#9 PRO), #118 OVR",6'8/230,2018,Zach Gentry,2nd Day (Rnd 4-7),5th,"4* (#19 QB), #278 OVR",Former players,Former players,Offense,"5.9 (#4 DUAL), #105 OVR",True,TE,9,4.17
TE,"0.9436 (#5 TE), #116 OVR",-,Played out eligibility,2008 (Rodriguez),2008-'10 (Rodriguez),"81 (#6 TE), #115 OVR",6'5/243,2012,Brandon Moore,Not Drafted,Not Drafted,3* (#43 TE),Former players,Former players,Offense,"5.8 (#8 TE), #187 OVR",True,TE,10,4.16
TE,-,"BlueChip Illustrated: #2 TE Midwest, All American",Played out eligibility,1995 (Carr),1995-'07 (Carr),"Lemming: #9 TE, #17 MW",6'5/240,1999,Aaron Shea,2nd Day (Rnd 4-7),4th,"Superprep: #11 TE, #16 MW (AA)",Former players,Former players,Offense,5.9 (#6 SDE),True,TE,11,4.14
TE,-,-,Played out eligibility,2000 (Carr),1995-'07 (Carr),"Lemming: #15 TE, #177 OVR",6'6/240,2006,Tyler Ecker,2nd Day (Rnd 4-7),7th,Superprep: #13 Far West,Former players,Former players,Offense,4* (#9 TE),True,TE,12,4.09
TE,-,"BlueChip Illustrated: #7 TE, All American",Played out eligibility,1994 (Moeller),1990-'94 (Moeller),"Lemming: #15 TE, #45 MW",6'6/245,1998,Mark Campbell,UDFA but NFL player,UDFA+,Superprep: #30 MW,Former players,Former players,Offense,5.9 (#6 TE),True,TE,13,4.07
TE,-,-,Played out eligibility,1991 (Moeller),1990-'94 (Moeller),Lemming: #22 OT,6'4/250,1995,Rob Vander Leest,Not Drafted,Not Drafted,-,Former players,Former players,Offense,-,True,TE,14,4.06
TE,"0.9135 (#7 TE), #203 OVR",-,Played out eligibility,2008 (Rodriguez),2008-'10 (Rodriguez),"70 (#113 DE), #NR MW",6'4/235,2011,Kevin Koger,Not Drafted,Not Drafted,"4* (#6 TE), #115 OVR",Former players,Former players,Offense,"5.9 (#4 TE), #144 OVR",True,TE,15,4.06
TE,"0.8953 (#12 TE), #313 OVR","90 (#13 TE), not ranked",Transfer: playing time,2015 (Harbaugh),2015-> (Harbaugh),"79 (#12 TE-Y), #48 East",6'6/260,2017,Tyrone Wheatley Jr.,Not Drafted,Not Drafted,"4* (#25 DE), #279 OVR",Former players,Former players,Offense,"5.8 (#13 TE), #1 NY",True,TE,16,4.05
TE,-,-,Behavioral: dismissed,1992 (Moeller),1990-'94 (Moeller),Lemming: #6 TE,6'6/215,1993,Damon Jones,2nd Day (Rnd 4-7),5th,Superprep: #51 MW,Former players,Former players,Offense,-,True,TE,17,4.01
TE,"0.8995 (#12 TE), #285 OVR",-,Transfer: playing time,2010 (Rodriguez),2008-'10 (Rodriguez),"81 (#27 WR), #173 OVR",6'4/225,2012,Ricardo Miller,Not Drafted,Not Drafted,"4* (#27 WR), #167 OVR",Former players,Former players,Offense,"5.7 (#66 WR), #12 MI",True,TE,18,4.01
TE,"0.8904 (#11 TE), #315 OVR","92 (#6 TE), #230 OVR",Degree and a Transfer,2014 (Hoke),2011-'14 (Hoke),"82 (#6 TE-H), #200 OVR",6'7/230,2017,Ian Bunting,UDFA,UDFA,3* (#21 TE),Former players,Former players,Offense,"5.8 (#10 TE), #15 IL",True,TE,19,3.96
TE,"0.8843 (#15 TE), #367 OVR","91 (#11 TE), #269 OVR",(Played out eligibility-COVID),2016 (Harbaugh),2015-> (Harbaugh),"81 (#2 TE-H), #258 OVR",6'5/230,2020,Nick Eubanks,UDFA,UDFA,3* (#29 TE),Former players,Former players,Offense,"5.8 (#9 TE), #34 FL",True,TE,20,3.95
TE,"0.8918 (#20 TE), #332 OVR","88 (#25 TE), #5 MA",commit,2023,2015-> (Harbaugh),no rating,6'4/215,-1,Andrew Rappleyea,2027,2027,"4* , 91, #169 Ovr
 #10 TE, #3 MA",Class of 2023,Commits,Offense,"5.8 (#12 TE), #240 OVR",True,TE,21,3.93
TE,"0.9054 (#11 TE), #275 OVR","88 (#28 TE), #563 OVR",On Team,2021 (Harbaugh),2015-> (Harbaugh),"77 (#24 TE-Y), #90 East",6'6/222,On Team,Louis Hansen,Still in High School,2026,-,Current players,Current players,Offense,"5.9 (#5 TE), #85 OVR",True,TE,22,3.93
TE,"0.8937 (#13 TE), #346 OVR","90 (#13 TE), #309 OVR",On Team,2019 (Harbaugh),2015-> (Harbaugh),"79 (#10 TE-H), #49 MW",6'4/225,On Team,Erick All,Still in College,2024,-,Current players,Current players,Offense,"5.8 (#16 TE), #15 OH",True,TE,23,3.93
TE,-,-,Played out eligibility,1997 (Carr),1995-'07 (Carr),"Lemming: #14 S, #34 Midlands",6'3/200,2001,Eric Rosel,Not Drafted,Not Drafted,Superprep: #55 Midlands,Former players,Former players,Offense,5.6 (#10 DB),True,TE,24,3.92
TE,-,BCI: #4 TE Midwest,Transfer: playing time,1996 (Carr),1995-'07 (Carr),"Lemming: #15 TE, #26 MW",6'4/240,1998,Chad Carpenter,Not Drafted,Not Drafted,"Superprep: #10 TE, #22 MW (AA)",Former players,Former players,Offense,-,True,TE,25,3.91
TE,"0.8940 (#17 TE), #338 OVR","91 (#10 TE), #1 ID",On Team,2022 (Harbaugh),2015-> (Harbaugh),"79 (#11 TE-H), #70 West",6'4/230,0,Colston Loveland,Still in High School,2026,"3* , 89, #NR Ovr
 #21 TE, #1 ID",Class of 2022,Commits,Offense,"5.8 (#13 TE), #1 ID",True,TE,26,3.9
TE,-,-,Gave up football,2001 (Carr),1995-'07 (Carr),Lemming: #10 TE,6'7/248,2002,Kyle Ealey,Not Drafted,Not Drafted,Superprep: #38 MW,Former players,Former players,Offense,3* (#21 TE),True,TE,27,3.89
TE,"0.88 (#24 TE), #344 OVR",-,Transfer: Personal,2011 (Hoke),2011-'14 (Hoke),"78 (#20 TE), #76 Midlands",6'5/245,2011,Chris Barnett,Not Drafted,Not Drafted,3* (#16 TE),Former players,Former players,Offense,"5.8 (#14 TE), #224 OVR",True,TE,28,3.88
TE,"0.8844 (#36 WR), #272 OVR",-,Played out eligibility,2007 (Carr),1995-'07 (Carr),"77 (#56 WR), #NR MW",6'4/225,2010,Martell Webb,Not Drafted,Not Drafted,4* (#17 TE),Former players,Former players,Offense,"5.8 (#29 WR), #12 MI",True,TE,29,3.85
TE,-,-,Played out eligibility,2000 (Carr),1995-'07 (Carr),"Lemming: #21 TE, #130 OVR",6'5/225,2004,Jim Fisher,Not Drafted,Not Drafted,Superprep: #45 MW,Former players,Former players,Offense,3* (#23 TE),True,TE,30,3.85
TE,-,-,Played out eligibility,1990 (Moeller),1990-'94 (Moeller),Lemming: #16 TE,6'3/240,1993,John Jaeckin,Not Drafted,Not Drafted,-,Former players,Former players,Offense,-,True,TE,31,3.82
TE,"0.8853 (#13 TE), #414 OVR","92 (#7 TE), #156 OVR",On Team,2020 (Harbaugh),2015-> (Harbaugh),"76 (#20 TE-Y), #107 East",6'4/230,On Team,Matthew Hibner,Still in College,2025,-,Current players,Current players,Offense,"5.6 (#35 TE), #17 VA",True,TE,32,3.82
TE,-,-,Played out eligibility,1999 (Carr),1995-'07 (Carr),Lemming: #21 PRO,6'3/225,2003,Andy Mignery,Not Drafted,Not Drafted,Superprep: #48 MW,Former players,Former players,Offense,3* (#27 QB),True,TE,33,3.8
TE,"0.8727 (#48 OT), #448 OVR","86 (#72 OT), #753 OVR",On Team,2017 (Harbaugh),2015-> (Harbaugh),"82 (#22 OT), #200 OVR",6'6/278,On Team,Joel Honigford,Still in College,2023,3* (#53 OT),Current players,Current players,Offense,5.7 (#49 OT),True,TE,34,3.78
TE,"0.8934 (#11 TE), #331 OVR","86 (#24 TE), not ranked",Played out eligibility,2012 (Hoke),2011-'14 (Hoke),"77 (#36 TE), #78 MW",6'6/255,2015,A.J. Williams,Not Drafted,Not Drafted,"4* (#27 OT), #225 OVR",Former players,Former players,Offense,"5.7 (#22 TE), #26 OH",True,TE,35,3.77
TE,-,-,Played out eligibility,1997 (Carr),1995-'07 (Carr),"Lemming: #NR TE, #",6'3/206,2001,Bill Seymour,Not Drafted,Not Drafted,Superprep: #40 MW,Former players,Former players,Offense,-,True,TE,36,3.77
TE,"0.8667 (#25 TE), #376 OVR",-,Degree/Gave up football,2002 (Carr),1995-'07 (Carr),Lemming: #19 TE,6'5/230,2005,Kevin Murphy,Not Drafted,Not Drafted,4* (#18 TE),Former players,Former players,Offense,"5.6 (#28 TE), #6 MI",True,TE,37,3.76
TE,"0.8776 (#29 TE), #540 OVR","88 (#28 TE), #44 GA",arriving in fall,2022 (Harbaugh),2015-> (Harbaugh),"78 (#17 TE-Y), #318 SE",6'6/215,0,Marlin Klein,Still in High School,2026,"4* , 90, #NR Ovr
 #19 TE, #31 GA",Class of 2022,Commits,Offense,"5.7 (#26 TE), #45 GA",True,TE,38,3.74
TE,-,-,Degree/Gave up football,1993 (Moeller),1990-'94 (Moeller),Lemming:#70 Southwest,6'2/220,1995,Pierre Cooper,Not Drafted,Not Drafted,-,Former players,Former players,Offense,-,True,TE,39,3.65
TE,"0.8653 (#41 WDE), #660 OVR",-,Degree and a Handshake,2010 (Rodriguez),2008-'10 (Rodriguez),"78 (#52 DE), #NR East",6'3/225,2013,Jordan Paskorz,Not Drafted,Not Drafted,3* (#74 DE),Former players,Former players,Offense,"5.6 (#41 WDE), #23 PA",True,TE,40,3.61
TE,"0.8333 (#28 WDE), #697 OVR",-,Degree/Medical,2005 (Carr),1995-'07 (Carr),-,6'3/217,2007,Chris McLaurin,Not Drafted,Not Drafted,3* (#58 LB),Former players,Former players,Offense,"5.5 (#27 WDE), #7 MI",True,TE,41,3.61
TE,"0.8614 (#39 TE), #799 OVR","86 (#41 TE), #895 OVR",On Team,2018 (Harbaugh),2015-> (Harbaugh),"77 (#21 TE-Y), #94 East",6'5/225,On Team,Luke Schoonmaker,Still in College,2024,"3* (#73 TE), #NR OVR",Current players,Current players,Offense,"5.6 (#36 TE), #3 CT",True,TE,42,3.55
TE,"0.8494 (#43 TE), #857 OVR","84 (#56 TE), #1216 OVR",Early NFL,2016 (Harbaugh),2015-> (Harbaugh),"77 (#23 TE-Y), #84 East",6'5/230,2019,Sean McKeon,UDFA,UDFA,3* (#32 TE),Former players,Former players,Offense,"5.6 (#34 TE), #2 MA",True,TE,43,3.55
TE,"0.8333 (#38 SDE), #586 OVR",-,Early NFL,2005 (Carr),1995-'07 (Carr),-,6'5/235,2008,Carson Butler,Not Drafted,Not Drafted,3* (#46 DE),Former players,Former players,Offense,"5.5 (#44 SDE), #12 MI",True,TE,44,3.53
TE,-,-,Played out eligibility,1991 (Moeller),1990-'94 (Moeller),Lemming: #36 PRO,6'5/220,1995,Jay Riemersma,2nd Day (Rnd 4-7),7th,-,Former players,Former players,Offense,-,True,TE,45,3.48
TE,"0.8 (#48 OLB), #812 OVR",-,Played out eligibility,2002 (Carr),1995-'07 (Carr),-,6'2/215,2006,Brian Thompson,Not Drafted,Not Drafted,not rated,Former players,Former players,Offense,"5.7 (#31 OLB), #32 MI",True,TE,46,3.3
TE,"0.8 (#82 SDE), not ranked",-,Degree and a Transfer,2011 (Hoke),2011-'14 (Hoke),"73 (#157 DE), #182 MW",6'3/230,2014,Keith Heitzman,Not Drafted,Not Drafted,3* (#63 TE),Former players,Former players,Offense,5.5 (#NR SDE),True,TE,47,3.19
TE,-,-,Degree and a Handshake,1999 (Carr),1995-'07 (Carr),-,6'4/190,2002,Phillip Brackins,Not Drafted,Not Drafted,-,Former players,Former players,Offense,5.3 (NR LB),True,TE,48,2.8
C,-,-,Behavioral: dismissed,1997 (Carr),1995-'07 (Carr),"Lemming: #2 G/C, #45 OVR, #8 MW",6'3/270,1998,Jason Brooks,Not Drafted,Not Drafted,"Superprep: #3 OL, #2 MW",Former players,Former players,Offense,6.1 (#NR OL),True,C,1,4.8
G,-,BCI: 2nd tm AA,Played out eligibility,1993 (Moeller),1990-'94 (Moeller),"Lemming: #2 DE, #3 East",6'0/270,1996,Damon Denson,2nd Day (Rnd 4-7),4th,"Superprep: #4 DL, #4 PA (AA)",Former players,Former players,Offense,-,True,OG,2,4.73
G,"0.9796 (#5 OT), #35 OVR","96 (#10 OT), #48 OVR",Played out eligibility,2016 (Harbaugh),2015-> (Harbaugh),"85 (#4 OT), #50 OVR",6'5/293,2019,Ben Bredeson,2nd Day (Rnd 4-7),4th,"4* (#1 OG), #36 OVR",Former players,Former players,Offense,"6.0 (#2 OG), #60 OVR",True,OG,3,4.72
G,"0.9753 (#3 OG), #49 OVR","96 (#4 OG), #61 OVR",Played out eligibility,2012 (Hoke),2011-'14 (Hoke),"81 (#10 OG), #132 OVR",6'5/300,2016,Kyle Kalis,UDFA but NFL player,UDFA+,"5* (#6 OT), #35 OVR",Former players,Former players,Offense,"6.1 (#4 OT), #22 OVR",True,OG,4,4.67
G,"0.9793 (#3 OL), #43 OVR","Lemming: #8 OL, # - OVR",Played out eligibility,2006 (Carr),1995-'07 (Carr),"82 (#11 OT), #135 OVR",6'5/290,2010,Stephen Schilling,2nd Day (Rnd 4-7),6th,"5* (#3 OL), #19 OVR",Former players,Former players,Offense,"6.1 (#2 OG), #26 OVR",True,OG,5,4.67
C,"0.9781 (#1 OC), #44 OVR","96 (#1 OC), #55 OVR",Early NFL,2017 (Harbaugh),2015-> (Harbaugh),"86 (#1 OC), #28 OVR",6'4/315,2019,Cesar Ruiz,1st Day (Rnd 1-3),1st,"4* (#2 OC), #98 OVR",Former players,Former players,Offense,"6.0 (#1 OC), #41 OVR",True,C,6,4.67
C,"0.9783 (#5 OL), #49 OVR","Lemming: #13 OL, # - OVR",Transfer: Coach,2006 (Carr),1995-'07 (Carr),"85 (#2 OG), #71 OVR",6'3/320,2007,Justin Boren,UDFA,UDFA,"5* (#7 OL), #42 OVR",Former players,Former players,Offense,"6.0 (#1 OC), #64 OVR",True,C,7,4.65
G,-,-,Degree/Medical,1997 (Carr),1995-'07 (Carr),"Lemming: #4 G/C, #9 East",6'3/285,1999,Todd Mossa,Not Drafted,Not Drafted,"Superprep: #10 OL, #4 NE",Former players,Former players,Offense,6.0 (#3 OG),True,OG,8,4.64
C,-,-,Played out eligibility,1992 (Moeller),1990-'94 (Moeller),Lemming: #1 OC,6'4/280,1996,Rod Payne,1st Day (Rnd 1-3),3rd,-,Former players,Former players,Offense,-,True,C,9,4.6
C,"0.9696 (#1 OC), #68 OVR","94 (#2 OC), #97 OVR",Played out eligibility,2013 (Hoke),2011-'14 (Hoke),"84 (#3 OG), #101 OVR",6'5/270,2017,Patrick Kugler,Not Drafted,Not Drafted,"5* (#1 OG), #27 OVR",Former players,Former players,Offense,"6.0 (#6 OC), #82 OVR",True,C,10,4.57
G,"0.9589 (#8 OG), #87 OVR","94 (#4 OG), #103 OVR",Transfer: Coach,2013 (Hoke),2011-'14 (Hoke),"83 (#7 OG), #157 OVR",6'5/305,2014,Kyle Bosch,UDFA,UDFA,"4* (#3 OT), #49 OVR",Former players,Former players,Offense,"5.9 (#7 OT), #104 OVR",True,OG,11,4.55
G,-,-,Degree and a Handshake,1990 (Moeller),1990-'94 (Moeller),Lemming: #10 DE,6'4/235,1993,Shawn Miller,Not Drafted,Not Drafted,-,Former players,Former players,Offense,-,True,OG,12,4.5
G,"0.9537 (#2 OG), #95 OVR","95 (#3 OG), #65 OVR",Degree and a Transfer,2013 (Hoke),2011-'14 (Hoke),"84 (#2 OG), #91 OVR",6'5/280,2016,David Dawson,Not Drafted,Not Drafted,"4* (#7 OG), #144 OVR",Former players,Former players,Offense,"5.8 (#9 OG), #165 OVR",True,OG,13,4.48
G,"0.9616 (#10 OT), #99 OVR",-,Degree and a Handshake,2004 (Carr),1995-'07 (Carr),Lemming: #9 G/C,6'4/290,2007,Brett Gallimore,Not Drafted,Not Drafted,"4* (#14 OL), #97 OVR",Former players,Former players,Offense,"5.9 (#10 OT), #96 OVR",True,OG,14,4.46
G,"0.9467 (#3 OG), #104 OVR","95 (#1 OG), #65 OVR",Played out eligibility,2016 (Harbaugh),2015-> (Harbaugh),"83 (#8 OG), #130 OVR",6'3/360,2019,Michael Onwenu,2nd Day (Rnd 4-7),6th,"4* (#9 OG), #140 OVR",Former players,Former players,Offense,"5.9 (#7 OG), #147 OVR",True,OG,15,4.44
G,-,-,Played out eligibility,1992 (Moeller),1990-'94 (Moeller),Lemming: #7 OG,6'4/275,1996,Harold Goodwin,Not Drafted,Not Drafted,-,Former players,Former players,Offense,-,True,OG,16,4.38
G,"0.9452 (#15 OT), #113 OVR","95 (#15 OT), #99 OVR",Degree and a Transfer,2017 (Harbaugh),2015-> (Harbaugh),"83 (#13 OT), #137 OVR",6'6/335,2021,Chuck Filiaga,Still in College,2023,"4* (#16 OT), #139 OVR",Former players,Former players,Offense,"5.8 (#16 OT), #175 OVR",True,OG,17,4.37
C,-,-,Played out eligibility,2000 (Carr),1995-'07 (Carr),"Lemming: #10 OT, #112 OVR",6'5/295,2004,David Baas,1st Day (Rnd 1-3),2nd,Superprep: #22 FL,Former players,Former players,Offense,3* (#29 OL),True,C,18,4.35
G,-,"BCI: #3 OL Midwest, All American",Played out eligibility,1995 (Carr),1995-'07 (Carr),"Lemming: #12 OT, #18 MW",6'7/240,1999,Chris Ziemann,UDFA,UDFA,"Superprep: #24 OL, #24 MW (AA)",Former players,Former players,Offense,-,True,OG,19,4.34
G,-,Athlon's: #27 Big Ten,Played out eligibility,1996 (Carr),1995-'07 (Carr),"Lemming:
 #11 OT, #30 SE (AA3t)",6'5/275,2000,Steve Hutchinson,1st Day (Rnd 1-3),1st,"Superprep: #23 DL, #23 FL (AA)",Former players,Former players,Offense,-,True,OG,20,4.32
G,-,"BlueChip Illustrated: #17 OL, All American",Degree/Gave up football,1993 (Moeller),1990-'94 (Moeller),"Lemming:#2 OG, All American",6'3/292,1995,Joe Ries,Not Drafted,Not Drafted,Superprep: #31 OL (AA),Former players,Former players,Offense,-,True,OG,21,4.32
G,"0.9295 (#10 OG), #174 OVR","92 (#9 OG), #179 OVR",Transfer: playing time,2019 (Harbaugh),2015-> (Harbaugh),"83 (#5 OG), #182 OVR",6'3/290,2021,Nolan Rumler,Still in College,2025,"4* (#15 OT), #125 OVR",Former players,Former players,Offense,"5.8 (#10 OG), #199 OVR",True,OG,22,4.31
G,-,BlueChip Illustrated: 1st Team All American,Played out eligibility,1993 (Moeller),1990-'94 (Moeller),"Lemming:#29 OG, #55 SE",6'5/280,1997,Zach Adami,Not Drafted,Not Drafted,"Superprep: #30 OL, #3 AR (AA)",Former players,Former players,Offense,-,True,OG,23,4.29
G,"0.9288 (#16 OT), #176 OVR","92 (#19 OT), #184 OVR",On Team,2019 (Harbaugh),2015-> (Harbaugh),"83 (#16 OT), #171 OVR",6'6/310,On Team,Trevor Keegan,Still in College,2025,-,Current players,Current players,Offense,"5.8 (#22 OT), #208 OVR",True,OG,24,4.27
G,-,-,Degree and a Handshake,2000 (Carr),1995-'07 (Carr),"Lemming: #16 G/C, #162 OVR",6'5/255,2003,Jeff Gaston,Not Drafted,Not Drafted,Superprep: #10 OL,Former players,Former players,Offense,3* (#30 OL),True,OG,25,4.26
C,-,Athlon's: #40 Big Ten,Played out eligibility,1996 (Carr),1995-'07 (Carr),"Lemming: #27 DT, #21 MW",6'4/265,2000,David Brandt,UDFA,UDFA,"Superprep: #15 DL, #9 MW (AA)",Former players,Former players,Offense,All-Am (#7 NT),True,C,26,4.2
G,"0.9 (#9 OG), #184 OVR",-,Played out eligibility,2005 (Carr),1995-'07 (Carr),-,6'5/270,2009,David Moosman,Not Drafted,Not Drafted,4* (#17 OL),Former players,Former players,Offense,5.8 (#11 OG),True,OG,27,4.2
G,-,Prepstar: #2 TE MW,Played out eligibility,1998 (Carr),1995-'07 (Carr),-,6'4/260,2002,Dave Petruziello,Not Drafted,Not Drafted,"Superprep: #5 LG-ATH, #15 MW",Former players,Former players,Offense,6.0 (#7 TE),True,OG,28,4.16
G,"0.8667 (#17 OG), #243 OVR",-,Degree/Medical,2003 (Carr),1995-'07 (Carr),"Lemming: #9 G/C, #80 OVR",6'4/276,2003,Jeff Zuttah,Not Drafted,Not Drafted,3* (#45 OL),Former players,Former players,Offense,5.9 (#5 OG),True,OG,29,4.14
G,-,-,Played out eligibility,1991 (Moeller),1990-'94 (Moeller),Lemming: #11 OG,6'4/289,1995,Paul Barry,Not Drafted,Not Drafted,-,Former players,Former players,Offense,-,True,OG,30,4.13
G,"0.9178 (#15 IOL), #210 OVR","90 (#20 IOL), #356 OVR",On Team,2021 (Harbaugh),2015-> (Harbaugh),"82 (#3 OC), #241 OVR",6'3/298,On Team,Raheem Anderson,Still in High School,2026,-,Current players,Current players,Offense,"5.8 (#2 OC), #168 OVR",True,OG,31,4.13
G,"0.9 (#13 OT), #149 OVR",-,Played out eligibility,2003 (Carr),1995-'07 (Carr),Lemming: #11 TE,6'6/270,2007,Adam Kraus,Not Drafted,Not Drafted,4* (#24 OL),Former players,Former players,Offense,"5.8 (#10 OT), #7 LA",True,OG,32,4.12
G,"0.8556 (#30 OT), #415 OVR",-,Degree and a Handshake,2004 (Carr),1995-'07 (Carr),Lemming: #9 OT,6'4/275,2007,Jeremy Ciulla,Not Drafted,Not Drafted,4* (#18 OL),Former players,Former players,Offense,"5.7 (#26 OT), #19 GA",True,OG,33,4.11
G,-,"Prepstar: #8 DL, #1 DL East",Played out eligibility,1997 (Carr),1995-'07 (Carr),"Lemming: #21 ILB, #62 MW",6'4/230,2001,Kurt Anderson,Not Drafted,Not Drafted,"Superprep: #11 LB, #7 MW",Former players,Former players,Offense,5.8 (#NR LB),True,OG,34,4.09
G,"0.8938 (#29 OT), #298 OVR",-,Played out eligibility,2008 (Rodriguez),2008-'10 (Rodriguez),"81 (#4 OG), #150 OVR",6'3/246,2012,Ricky Barnum,Not Drafted,Not Drafted,3* (#17 OG),Former players,Former players,Offense,"5.8 (#5 OC), #37 FL",True,OG,35,4.08
G,-,BCI: 2nd tm AA,Played out eligibility,1994 (Moeller),1990-'94 (Moeller),"Lemming:#10 OG, #100 Southeast",6'4/294,1998,Noah Parker,Not Drafted,Not Drafted,"Superprep: #16 OL, #22 FL (AA)",Former players,Former players,Offense,5.7 (#NR OG),True,OG,36,4.07
G,-,-,Played out eligibility,1999 (Carr),1995-'07 (Carr),"Lemming:
 #8 G/C",6'3/313,2003,Courtney Morgan,Not Drafted,Not Drafted,Superprep: #35 Far West,Former players,Former players,Offense,3* (#27 OL),True,OG,37,4.07
G,-,"BCI: #4 OL Southwest, All American",Played out eligibility,1995 (Carr),1995-'07 (Carr),"Lemming:, #42 Southwest",6'4/280,1999,Steve Frazier,Not Drafted,Not Drafted,Superprep: #62 TX,Former players,Former players,Offense,"Emfinger:
 Top 105",True,OG,38,4.06
G,-,-,Played out eligibility,1997 (Carr),1995-'07 (Carr),"Lemming: #NR G/C, #",6'4/275,2001,Ben Mast,Not Drafted,Not Drafted,"Superprep: #25 OL, #16 MW",Former players,Former players,Offense,5.8 (#4 OC),True,OG,39,4.05
G,"0.9 (#16 OT), #166 OVR",-,Gave up football,2005 (Carr),1995-'07 (Carr),-,6'4/300,2006,Justin Schifano,Not Drafted,Not Drafted,4* (#16 OL),Former players,Former players,Offense,"5.8 (#12 OT), #4 NY",True,OG,40,4.04
C,"0.9054 (#22 IOL), #274 OVR","88 (#38 IOL), #601 OVR",On Team,2021 (Harbaugh),2015-> (Harbaugh),"80 (#14 OG), #297 OVR",6'4/285,On Team,Greg Crippen,Still in College,2025,-,Current players,Current players,Offense,"5.9 (#8 OG), #164 OVR",True,C,41,4.03
C,-,-,Degree and a Handshake,2000 (Carr),1995-'07 (Carr),Lemming: #14 G/C,6'3/290,2003,Andy Christopfel,Not Drafted,Not Drafted,Superprep: #33 MW,Former players,Former players,Offense,3* (#48 OL),True,C,42,4.02
G,"0.906 (#11 OG), #273 OVR","89 (#18 OG), #389 OVR",On Team,2020 (Harbaugh),2015-> (Harbaugh),"80 (#14 OG), #37 East",6'6/300,On Team,Zak Zinter,Still in College,2025,-,Current players,Current players,Offense,"5.8 (#16 OT), #149 OVR",True,OG,43,4.01
C,"0.8556 (#38 OT), #412 OVR",-,Played out eligibility,2005 (Carr),1995-'07 (Carr),-,6'6/270,2009,Tim McAvoy,Not Drafted,Not Drafted,4* (#14 OL),Former players,Former players,Offense,5.7 (#29 OT),True,C,44,3.99
C,-,-,Degree/Medical,1999 (Carr),1995-'07 (Carr),Lemming: #19 G/C,6'2/290,2000,Andy Brown,Not Drafted,Not Drafted,-,Former players,Former players,Offense,3* (#42 DL),True,C,45,3.98
G,-,-,Played out eligibility,2001 (Carr),1995-'07 (Carr),Lemming: #24 OL,6'4/350,2005,Leo Henige,Not Drafted,Not Drafted,Superprep: #51 MW,Former players,Former players,Offense,3* (#68 OL),True,OG,46,3.95
G,-,-,Played out eligibility,2001 (Carr),1995-'07 (Carr),Lemming: #23 G/C,6'6/330,2005,Matt Lentz,Not Drafted,Not Drafted,Superprep: #31 MW,Former players,Former players,Offense,3* (#48 OL),True,OG,47,3.94
G,-,-,Played out eligibility,1999 (Carr),1995-'07 (Carr),Lemming: #20 ILB,6'3/240,2003,Dave Pearson,UDFA,UDFA,-,Former players,Former players,Offense,3* (#26 LB),True,OG,48,3.93
C,"0.8945 (#12 OG), #286 OVR",-,Played out eligibility,2008 (Rodriguez),2008-'10 (Rodriguez),"77 (#42 OT), #NR MW",6'5/280,2012,Elliott Mealer,Not Drafted,Not Drafted,"4* (#28 OT), #267 OVR",Former players,Former players,Offense,"5.8 (#24 OG), #213 OVR",True,C,49,3.92
G,-,-,Degree and a Handshake,1997 (Carr),1995-'07 (Carr),"Lemming: #23 G/C, #45 MW",6'4/245,2000,Adam Adkins,Not Drafted,Not Drafted,Superprep: #35 MW,Former players,Former players,Offense,-,True,OG,50,3.92
G,"0.89 (#32 OT), #287 OVR",-,Degree/Medical,2011 (Hoke),2011-'14 (Hoke),"77 (#37 OG), #93 MW",6'4/330,2013,Chris Bryant,Not Drafted,Not Drafted,3* (#21 OG),Former players,Former players,Offense,"5.8 (#19 OT), #203 OVR",True,OG,51,3.9
G,-,-,Played out eligibility,1991 (Moeller),1990-'94 (Moeller),Lemming: #19 OG,6'4/275,1995,Joe Marinaro,Not Drafted,Not Drafted,-,Former players,Former players,Offense,-,True,OG,52,3.87
C,"0.8764 (#22 OG), #350 OVR",-,Played out eligibility,2007 (Carr),1995-'07 (Carr),"78 (#6 OC), #NR MW",6'2/280,2011,David Molk,2nd Day (Rnd 4-7),7th,4* (#3 OC),Former players,Former players,Offense,"5.7 (#5 OC), #7 IL",True,C,53,3.86
G,"0.8769 (#24 OG), #435 OVR",-,Transfer: Coach,2008 (Rodriguez),2008-'10 (Rodriguez),"78 (#20 OG), #NR MW",6'3/278,2008,Kurt Wermers,Not Drafted,Not Drafted,"4* (#11 OG), #287 OVR",Former players,Former players,Offense,"5.6 (#37 OG), #4 IN",True,OG,54,3.83
G,-,-,Degree and a Handshake,1991 (Moeller),1990-'94 (Moeller),Lemming: #21 OG,6'3/300,1994,Ante Skorput,Not Drafted,Not Drafted,-,Former players,Former players,Offense,-,True,OG,55,3.82
G,-,-,Degree and a Handshake,1993 (Moeller),1990-'94 (Moeller),"Lemming: # , #13 Canada",6'4/275,1996,John Partchenko,Not Drafted,Not Drafted,Superprep: #1 Canada,Former players,Former players,Offense,-,True,OG,56,3.81
G,"0.8803 (#47 OT), #427 OVR","89 (#40 OT), not ranked",Played out eligibility,2012 (Hoke),2011-'14 (Hoke),"79 (#50 OT), #46 MW",6'6/295,2016,Ben Braden,UDFA but NFL player,UDFA+,3* (#40 OT),Former players,Former players,Offense,"5.7 (#38 OT), #8 MI",True,OG,57,3.8
C,"0.8795 (#20 OG), #422 OVR",-,Degree/Medical,2010 (Rodriguez),2008-'10 (Rodriguez),"79 (#13 OG), #NR MW",6'2/262,2010,Christian Pace,Not Drafted,Not Drafted,3* (#11 OC),Former players,Former players,Offense,"5.7 (#7 OC), #25 OH",True,C,58,3.79
C,"0.8776 (#33 OG), #554 OVR","88 (#37 OG), #597 OVR",Transfer: Personal,2019 (Harbaugh),2015-> (Harbaugh),"78 (#34 OG), #60 MW",6'5/310,2020,Zach Carpenter,Still in College,2025,-,Former players,Former players,Offense,"5.7 (#15 OG), #16 OH",True,C,59,3.78
G,"0.883 (#8 OC), #434 OVR","89 (#10 OC), #393 OVR",On Team,2020 (Harbaugh),2015-> (Harbaugh),"79 (#51 OT), #90 Midlands",6'5/290,On Team,Reece Atteberry,Still in College,2025,-,Current players,Current players,Offense,"5.7 (#55 OT), #5 CO",True,OG,60,3.77
G,"0.8755 (#15 OG), #414 OVR","89 (#17 OG), not ranked",Transfer: playing time,2013 (Hoke),2011-'14 (Hoke),"75 (#87 OT), #125 MW",6'5/290,2014,Dan Samuelson,Not Drafted,Not Drafted,4* (#25 OT),Former players,Former players,Offense,"5.6 (#33 OG), #11 IN",True,OG,61,3.73
G,"0.8646 (#62 OT), #643 OVR","85 (#66 OT), not ranked",Degree and a Handshake,2012 (Hoke),2011-'14 (Hoke),"79 (#54 OT), #190 SE",6'5/265,2015,Blake Bars,Not Drafted,Not Drafted,3* (#58 OT),Former players,Former players,Offense,"5.8 (#32 OT), #9 TN",True,OG,62,3.71
G,"0.86 (#30 OG), #566 OVR","86 (#14 OG), not ranked",Gave up football,2011 (Hoke),2011-'14 (Hoke),"78 (#34 OT), #215 SE",6'4/310,2011,Tony Posada,Not Drafted,Not Drafted,3* (#45 OT),Former players,Former players,Offense,5.5 (#NR OG),True,OG,63,3.64
G,"0.8333 (#46 OG), #603 OVR",-,Degree/Medical,2003 (Carr),1995-'07 (Carr),-,6'4/275,2005,Pat Sharrow,Not Drafted,Not Drafted,3* (#97 OL),Former players,Former players,Offense,"5.6 (#21 OG), #8 MI",True,OG,64,3.62
C,"0.8333 (#44 OG), #582 OVR",-,Played out eligibility,2002 (Carr),1995-'07 (Carr),-,6'5/260,2006,Mark Bihl,Not Drafted,Not Drafted,3* (#66 OL),Former players,Former players,Offense,5.6 (#42 OG),True,C,65,3.57
G,"0.8543 (#34 OT), #742 OVR","85 (#50 OT), #994 OVR",Degree and a Transfer,2016 (Harbaugh),2015-> (Harbaugh),"75 (#60 OG), #119 East",6'5/330,2019,Stephen Spanellis,Not Drafted,Not Drafted,3* (#54 OT),Former players,Former players,Offense,"5.7 (#36 OT), #16 MD",True,OG,66,3.56
G,"0.8333 (#51 OG), #653 OVR",-,Degree/Medical,2002 (Carr),1995-'07 (Carr),-,6'4/299,2003,Tom Berishaj,Not Drafted,Not Drafted,3* (#79 OL),Former players,Former players,Offense,"5.6 (#44 OG), #20 MI",True,OG,67,3.52
C,"0.85 (#42 OC), #744 OVR",-,Degree/Gave up football,2011 (Hoke),2011-'14 (Hoke),"78 (#53 DT), #71 MW",6'4/270,2014,Jack Miller,Not Drafted,Not Drafted,3* (#16 OC),Former players,Former players,Offense,"5.5 (#NR WDE), #53 OH",True,C,68,3.51
C,"0.8514 (#62 OT), #732 OVR",-,Degree/Gave up football,2008 (Rodriguez),2008-'10 (Rodriguez),"66 (#99 OG), #NR MW",6'4/280,2011,Rocko Khoury,Not Drafted,Not Drafted,3* (#65 OT),Former players,Former players,Offense,"5.7 (#41 OT), #11 MI",True,C,69,3.43
G,-,-,Played out eligibility,2006 (Carr),1995-'07 (Carr),"70 (#111 DE), #NR East",6'4/268,2010,John Ferrara,Not Drafted,Not Drafted,3* (#58 DE),Former players,Former players,Offense,"5.6 (#46 SDE), #7 NY",True,OG,70,3.43
G,"0.7816 (#121 OG), not ranked",-,Played out eligibility,2008 (Rodriguez),2008-'10 (Rodriguez),"64 (#113 OT), #NR MW",6'4/236,2012,Patrick Omameh,UDFA but NFL player,UDFA+,3* (#87 OT),Former players,Former players,Offense,5.1 (#NR SDE),True,OG,71,2.89
C,-,walk-on,Played out eligibility,2016 (Harbaugh),2015-> (Harbaugh),walk-on,6'3/310,2021,Andrew Vastardis,Still in College,2022,walk-on,Former players,Former players,Offense,walk-on,True,C,72,2.7
C,"0.7667 (#16 OG), #3300 OVR",not ranked,On Team,2022 (Harbaugh),2015-> (Harbaugh),no rating,6'3/275,0,Victor Oluwatimi,Still in College,2023,no ratings,Class of 2022,Commits,Offense,not ranked,True,C,73,2.67
T,-,"Parade AA
 All-USA 1st tm",Played out eligibility,1999 (Carr),1995-'07 (Carr),"Lemming:
 #3 OT",6'6/290,2003,Tony Pape,2nd Day (Rnd 4-7),7th,Superprep: #3 OL (Top 50),Former players,Former players,Offense,4* (#5 OL),True,OT,1,4.72
T,-,"Athlon's: #87 OVR, #17 Big Ten",Played out eligibility,1996 (Carr),1995-'07 (Carr),"Lemming:
 #4 OT, #17 SE (AA1t)",6'6/270,2000,Jeff Backus,1st Day (Rnd 1-3),1st,"Superprep: #5 OL, #15 SE (AA)",Former players,Former players,Offense,All-Am (#3 OT),True,OT,2,4.69
T,"0.9664 (#10 OT), #72 OVR",-,Transfer: Coach,2008 (Rodriguez),2008-'10 (Rodriguez),"85 (#4 OT), #69 OVR",6'8/290,2008,Dann O'Neill,UDFA,UDFA,"4* (#14 OT), #147 OVR",Former players,Former players,Offense,"6.0 (#10 OT), #49 OVR",True,OT,3,4.61
T,-,Parade AA,Played out eligibility,1997 (Carr),1995-'07 (Carr),"Lemming: #4 OT, #21 OVR, #2 MW",6'5/245,2000,Maurice Williams,1st Day (Rnd 1-3),2nd,"Superprep: #6 OL, #3 MW",Former players,Former players,Offense,5.9 (#n/a DL),True,OT,4,4.58
T,"0.9671 (#9 OT), #84 OVR",-,Degree/Medical,2005 (Carr),1995-'07 (Carr),"Lemming: #1 OT, #85 OVR",6'5/301,2008,Cory Zirbel,Not Drafted,Not Drafted,4* (#20 OL),Former players,Former players,Offense,"5.9 (#10 OT), #83 OVR",True,OT,5,4.56
T,"0.9628 (#8 OT), #88 OVR","94 (#11 OT), #147 OVR",arriving in fall,2022 (Harbaugh),2015-> (Harbaugh),"84 (#12 OT), #78 OVR",6'8/310,0,Andrew Gentry,Still in High School,2026,no ratings,Class of 2022,Commits,Offense,"6.0 (#8 OT), #68 OVR",True,OT,6,4.53
T,"0.9612 (#11 OT), #88 OVR","95 (#12 OT), #88 OVR",On Team,2021 (Harbaugh),2015-> (Harbaugh),"84 (#18 OT), #136 OVR",6'5/285,On Team,Giovanni El-Hadi,Still in High School,2026,-,Current players,Current players,Offense,"5.9 (#13 OT), #92 OVR",True,OT,7,4.49
T,-,-,Played out eligibility,1991 (Moeller),1990-'94 (Moeller),Lemming: #26 OT,6'7/290,1994,Trezelle Jenkins,1st Day (Rnd 1-3),1st,Superprep: #1 OL (AA),Former players,Former players,Offense,-,True,OT,8,4.48
T,"0.9472 (#9 OG), #110 OVR","94 (#6 OG), #136 OVR",Degree/Medical,2013 (Hoke),2011-'14 (Hoke),"83 (#10 OT), #134 OVR",6'6/300,2014,Chris Fox,Not Drafted,Not Drafted,"4* (#6 OG), #118 OVR",Former players,Former players,Offense,"5.9 (#11 OT), #142 OVR",True,OT,9,4.44
T,"0.9594 (#9 OT), #83 OVR","96 (#6 OT), #71 OVR",Played out eligibility,2012 (Hoke),2011-'14 (Hoke),"79 (#27 OT), #41 West",6'6/275,2016,Erik Magnuson,UDFA but NFL player,UDFA+,"4* (#15 OT), #82 OVR",Former players,Former players,Offense,"5.9 (#10 OT), #78 OVR",True,OT,10,4.43
T,-,-,Played out eligibility,2001 (Carr),1995-'07 (Carr),Lemming: #10 G/C,6'5/295,2005,Adam Stenavich,Not Drafted,Not Drafted,"Superprep: #16 OL, #10 MW",Former players,Former players,Offense,4* (#20 OL),True,OT,11,4.41
T,"0.9512 (#11 OT), #108 OVR","95 (#11 OT), #109 OVR",On Team,2019 (Harbaugh),2015-> (Harbaugh),"82 (#20 OT), #202 OVR",6'4/282,On Team,Trente Jones,Still in College,2025,-,Current players,Current players,Offense,"5.9 (#12 OT), #90 OVR",True,OT,12,4.41
T,-,USA Today 2nd team,Played out eligibility,1999 (Carr),1995-'07 (Carr),"Lemming: #6 OT, #69 OVR",6'6/280,2003,Demeterius Solomon,Not Drafted,Not Drafted,Superprep: #1 OL (Top 50),Former players,Former players,Offense,5.5 (NR OL),True,OT,13,4.38
T,"0.9408 (#8 OG), #126 OVR","96 (#4 OG), #87 OVR",Played out eligibility,2014 (Hoke),2011-'14 (Hoke),"83 (#10 OG), #165 OVR",6'5/285,2017,Mason Cole,1st Day (Rnd 1-3),3rd,"4* (#18 OT), #253 OVR",Former players,Former players,Offense,"5.9 (#12 OT), #92 OVR",True,OT,14,4.37
T,"0.9683 (#5 OG), #84 OVR",-,Degree and a Handshake,2004 (Carr),1995-'07 (Carr),Lemming: #23 OT,6'5/310,2007,Alex Mitchell,Not Drafted,Not Drafted,3* (#53 OL),Former players,Former players,Offense,"5.9 (#3 OG), #80 OVR",True,OT,15,4.37
T,"0.9 (#19 OT), #211 OVR",-,Played out eligibility,2002 (Carr),1995-'07 (Carr),"Lemming: #5 OL, #77 OVR",6'7/275,2006,Mike Kolodziej,Not Drafted,Not Drafted,4* (#12 DT),Former players,Former players,Offense,5.8 (#13 OT),True,OT,16,4.34
T,"0.9357 (#8 OT), #106 OVR",-,Played out eligibility,2003 (Carr),1995-'07 (Carr),Lemming: #12 OT,6'7/295,2007,Jake Long,1st Day (Rnd 1-3),1st,"4* (#11 OL), #72 OVR",Former players,Former players,Offense,"5.8 (#21 OT), #6 MI",True,OT,17,4.32
T,-,Athlon's: #20 Big Ten,Degree/Medical,1996 (Carr),1995-'07 (Carr),"Lemming:
 #16 OT, #24 SW (AA)",6'5/300,1997,Paul Tannous,Not Drafted,Not Drafted,"Superprep: #24 OL, #18 TX (AA)",Former players,Former players,Offense,-,True,OT,18,4.25
T,"0.9268 (#16 OT), #169 OVR","94 (#9 OT), #129 OVR",Behavioral: dismissed,2013 (Hoke),2011-'14 (Hoke),"84 (#7 OT), #104 OVR",6'7/300,2014,Logan Tuley-Tillman,Not Drafted,Not Drafted,"4* (#24 OT), #300 OVR",Former players,Former players,Offense,"5.8 (#24 OT), #7 IL",True,OT,19,4.25
T,-,-,Played out eligibility,1992 (Moeller),1990-'94 (Moeller),Lemming: #17 OT,6'5/285,1996,Thomas Guynes,Not Drafted,Not Drafted,-,Former players,Former players,Offense,-,True,OT,20,4.21
T,"0.9244 (#12 OT), #160 OVR",-,Played out eligibility,2009 (Rodriguez),2008-'10 (Rodriguez),"81 (#12 OT), #148 OVR",6'8/272,2013,Taylor Lewan,1st Day (Rnd 1-3),1st,"4* (#20 OT), #274 OVR",Former players,Former players,Offense,"5.8 (#16 OT), #194 OVR",True,OT,21,4.21
T,"0.9121 (#7 SDE), #219 OVR","95 (#4 SDE), #109 OVR",Transfer: playing time,2017 (Harbaugh),2015-> (Harbaugh),"80 (#30 DE), #38 MW",6'5/280,2018,James Hudson,2nd Day (Rnd 4-7),4th,"4* (#15 DT), #273 OVR",Former players,Former players,Offense,"5.8 (#8 SDE), #240 OVR",True,OT,22,4.21
T,"0.9248 (#17 OT), #183 OVR","90 (#32 OT), #19 LA",Transfer: playing time,2021 (Harbaugh),2015-> (Harbaugh),"88 (#2 OT), #16 OVR",6'6/300,2021,Willie Allen,Still in College,2022,4* (#12 OT),Former players,Former players,Offense,"5.7 (#37 OT), #23 LA",True,OT,23,4.2
T,-,Prepstar: #3 OL MW,Played out eligibility,1998 (Carr),1995-'07 (Carr),-,6'7/302,2002,Joe Denay,Not Drafted,Not Drafted,"Superprep: #23 OL, #24 MW",Former players,Former players,Offense,-,True,OT,24,4.12
T,-,-,Degree and a Handshake,1992 (Moeller),1990-'94 (Moeller),Lemming: #43 OT,6'5/270,1995,Eric Wendt,Not Drafted,Not Drafted,Superprep: #16 OL,Former players,Former players,Offense,-,True,OT,25,4.12
T,"0.9062 (#16 OT), #268 OVR","94 (#9 OT), #126 OVR",Early NFL,2018 (Harbaugh),2015-> (Harbaugh),"77 (#72 OT), #66 MW",6'5/273,2020,Jalen Mayfield,1st Day (Rnd 1-3),3rd,"4* (#15 OT), #206 OVR",Former players,Former players,Offense,"5.8 (#17 OT), #8 MI",True,OT,26,4.11
T,"0.9074 (#22 OT), #235 OVR","92 (#23 OT), #220 OVR",Degree/Medical,2015 (Harbaugh),2015-> (Harbaugh),"81 (#27 OT), #253 OVR",6'7/290,2016,Grant Newsome,Not Drafted,Not Drafted,4* (#32 OT),Former players,Former players,Offense,"5.8 (#12 OT), #191 OVR",True,OT,27,4.11
T,"0.9089 (#17 OT), #225 OVR",-,Played out eligibility,2009 (Rodriguez),2008-'10 (Rodriguez),"77 (#40 OT), #NR MW",6'7/272,2013,Michael Schofield,1st Day (Rnd 1-3),3rd,"4* (#10 OT), #135 OVR",Former players,Former players,Offense,"5.8 (#18 OT), #221 OVR",True,OT,28,4.07
T,-,-,Degree/Medical,2001 (Carr),1995-'07 (Carr),Lemming: #22 OL,6'6/285,2002,Dan Simelis,Not Drafted,Not Drafted,Superprep: #22 PA,Former players,Former players,Offense,4* (#23 OL),True,OT,29,4.05
T,"0.9057 (#16 OT), #266 OVR","93 (#8 OT), #161 OVR",On Team,2019 (Harbaugh),2015-> (Harbaugh),"79 (#41 OT), #41 MW",6'4/273,On Team,Karsen Barnhart,Still in College,2025,-,Current players,Current players,Offense,"5.8 (#28 OT), #10 MI",True,OT,30,4.03
T,"0.8958 (#26 OT), #320 OVR","90 (#26 OT), #278 OVR",On Team,2020 (Harbaugh),2015-> (Harbaugh),"80 (#36 OT), #55 West",6'7/265,On Team,Jeffrey Persi,Still in High School,2026,-,Current players,Current players,Offense,"5.8 (#33 OT), #26 CA",True,OT,31,4.01
T,"0.8958 (#23 OT), #335 OVR","93 (#12 OT), #140 OVR",On Team,2018 (Harbaugh),2015-> (Harbaugh),"80 (#29 OT), #31 MW",6'7/252,On Team,Ryan Hayes,Still in College,2024,"4* (#21 OT), #270 OVR",Current players,Current players,Offense,"5.6 (#47 OT), #17 MI",True,OT,32,3.99
T,"0.8887 (#27 OT), #329 OVR","92 (#23 OT), not ranked",Played out eligibility,2014 (Hoke),2011-'14 (Hoke),"83 (#11 OT), #142 OVR",6'6/318,2018,Juwann Bushell-Beatty,UDFA,UDFA,3* (#50 OT),Former players,Former players,Offense,"5.7 (#33 OT), #11 NJ",True,OT,33,3.98
T,"0.892 (#32 OT), #316 OVR","88 (#42 OT), #412 OVR",Transfer: playing time,2017 (Harbaugh),2015-> (Harbaugh),"82 (#18 OT), #169 OVR",6'5/282,2017,Ja'Raymond Hall,Still in College,2023,4* (#36 OT),Former players,Former players,Offense,5.6 (#78 OT),True,OT,34,3.89
T,-,BCI: 2nd tm AA,Played out eligibility,1994 (Moeller),1990-'94 (Moeller),"Lemming: #12 TE, #41 MW",6'7/240,1998,Jon Jansen,1st Day (Rnd 1-3),2nd,Superprep: #40 MW,Former players,Former players,Offense,5.7 (#18 TE),True,OT,35,3.87
T,-,"BCI: #7 OL Midwest, All American",Degree and a Handshake,1995 (Carr),1995-'07 (Carr),"Lemming: #NR OT, #62 MW",6'7/280,1998,Jeff Potts,Not Drafted,Not Drafted,Superprep: #36 MW,Former players,Former players,Offense,-,True,OT,36,3.86
T,-,"BCI: #12 OL Midwest, All American",Transfer: playing time,1995 (Carr),1995-'07 (Carr),"Lemming: #22 OT, #37 MW",6'5/275,1995,Ron Acheson,Not Drafted,Not Drafted,Superprep: #41 MW,Former players,Former players,Offense,-,True,OT,37,3.83
T,"0.8850 (#35 OT), #419 OVR","88 (#47 OT), #468 OVR",On Team,2021 (Harbaugh),2015-> (Harbaugh),"78 (#59 OT), #75 East",6'8/285,On Team,Tristan Bounds,Still in High School,2026,-,Current players,Current players,Offense,"5.8 (#25 OT), #2 CT",True,OT,38,3.82
T,"0.8702 (#56 OT), #649 OVR","88 (#45 OT), #1 CT",arriving in fall,2022 (Harbaugh),2015-> (Harbaugh),"78 (#52 OT), #59 East",6'6/285,0,Alessandro Lorenzetti,Still in High School,2026,no ratings,Class of 2022,Commits,Offense,"5.6 (#NR OT), #3 CT",True,OT,39,3.77
T,-,-,Played out eligibility,1991 (Moeller),1990-'94 (Moeller),Lemming: #42 OT,6'7/298,1995,Mike Sullivan,Not Drafted,Not Drafted,-,Former players,Former players,Offense,-,True,OT,40,3.74
T,-,BCI: #8 DL Midwest,Degree/Medical,1995 (Carr),1995-'07 (Carr),"Lemming: #NR DL, #91 MW",6'6/275,1995,Eric Moltane,Not Drafted,Not Drafted,Superprep: #58 MW,Former players,Former players,Offense,-,True,OT,41,3.74
T,"0.8759 (#46 OT), #427 OVR","86 (#78 OT), #791 OVR",Early NFL,2017 (Harbaugh),2015-> (Harbaugh),"80 (#41 OT), #54 East",6'7/285,2021,Andrew Stueber,Still in College,2022,"4* (#24 OT), #248 OVR",Former players,Former players,Offense,5.6 (#74 OT),True,OT,42,3.74
T,-,-,Early NFL,1992 (Moeller),1990-'94 (Moeller),Lemming: #46 OT,6'9/270,1995,Jon Runyan,2nd Day (Rnd 4-7),4th,-,Former players,Former players,Offense,-,True,OT,43,3.71
T,"0.8559 (#85 OT), #966 OVR","85 (#115 OT), #5 CO",On Team,2022 (Harbaugh),2015-> (Harbaugh),"76 (#84 OT), #185 Midlands",6'7/285,0,Connor Jones,Still in High School,2026,"3* , 87, #NR Ovr
 #51 OT, #3 CO",Class of 2022,Commits,Offense,"5.6 (#NR OT), #NR CO",True,OT,44,3.59
T,"0.8292 (#57 OT), #884 OVR",-,Played out eligibility,2006 (Carr),1995-'07 (Carr),"71 (#75 OT), #112 MW",6'7/283,2010,Perry Dorrestein,Not Drafted,Not Drafted,3* (#81 OL),Former players,Former players,Offense,"5.5 (#43 OT), #11 IL",True,OT,45,3.5
T,"0.8403 (#121 OT), not ranked","81 (#160 OT), not ranked",Played out eligibility,2015 (Harbaugh),2015-> (Harbaugh),"76 (#96 OT), #119 East",6'5/276,2019,Jon Runyan Jr.,2nd Day (Rnd 4-7),6th,3* (#39 OG),Former players,Former players,Offense,"5.6 (#45 OG), #15 PA",True,OT,46,3.45
T,"0.8343 (#136 OT), not ranked","84 (#127 OT), not ranked",Degree and a Transfer,2015 (Harbaugh),2015-> (Harbaugh),"78 (#68 OT), #60 MW",6'5/280,2018,Nolan Ulizio,Not Drafted,Not Drafted,3* (#42 OT),Former players,Former players,Offense,5.3 (#NR OT),True,OT,47,3.43
T,"0.8333 (#45 OG), #586 OVR",-,Degree and a Handshake,2004 (Carr),1995-'07 (Carr),"Lemming: #NR OL, #200 SE",6'5/270,2007,Grant DeBenedictis,Not Drafted,Not Drafted,3* (#87 OL),Former players,Former players,Offense,5.5 (#32 OG),True,OT,48,3.38
T,"0.8333 (#61 OT), #736 OVR",-,Played out eligibility,2005 (Carr),1995-'07 (Carr),-,6'7/270,2009,Mark Ortmann,Not Drafted,Not Drafted,3* (NR OL),Former players,Former players,Offense,"5.5 (#43 OT), #90 TX",True,OT,49,3.37
T,"0.8 (#57 OG), #733 OVR",-,Played out eligibility,2002 (Carr),1995-'07 (Carr),Lemming: #22 G/C,6'4/290,2006,Rueben Riley,Not Drafted,Not Drafted,not rated,Former players,Former players,Offense,"5.5 (#32 OG), #10 MI",True,OT,50,3.25
T,"0.834 (#77 OT), #825 OVR",-,Played out eligibility,2007 (Carr),1995-'07 (Carr),"63 (#151 OT), #NR MW",6'6/280,2011,Mark Huyge,Not Drafted,Not Drafted,2* (#31 OC),Former players,Former players,Offense,"5.6 (#65 OT), #19 MI",True,OT,51,3.19
T,"0.7798 (#133 OG), #NR OVR","78 (#118 OG), #43 WA",Degree and a Handshake,2018 (Harbaugh),2015-> (Harbaugh),walk-on,6'6/305,On Team,Griffin Korican,Still in College,2024,-,Current players,Current players,Offense,walk-on,True,OT,52,2.76
